id,node
1,%C3%81ed%C3%A1n_mac_Gabr%C3%A1in
2,%C3%85land
3,%C3%89douard_Manet
4,%C3%89ire
5,%C3%93engus_I_of_the_Picts
6,%E2%82%AC2_commemorative_coins
7,10th_century
8,11th_century
9,12th_century
10,13th_century
11,14th_century
12,15th_Marine_Expeditionary_Unit
13,15th_century
14,16_Cygni
15,16_Cygni_Bb
16,16th_century
17,1755_Lisbon_earthquake
18,17th_century
19,1896_Summer_Olympics
20,18th_century
21,1928_Okeechobee_Hurricane
22,1973_oil_crisis
23,1980_eruption_of_Mount_St._Helens
24,1997_Pacific_hurricane_season
25,19th_century
26,1_Ceres
27,1st_century
28,1st_century_BC
29,2-6-0
30,2-8-0
31,2003_Atlantic_hurricane_season
32,2004_Atlantic_hurricane_season
33,2004_Indian_Ocean_earthquake
34,2005_Atlantic_hurricane_season
35,2005_Hertfordshire_Oil_Storage_Terminal_fire
36,2005_Kashmir_earthquake
37,2005_Lake_Tanganyika_earthquake
38,2005_Sumatra_earthquake
39,20th_century
40,21st_century
41,2nd_century
42,3_Juno
43,3rd_century
44,4-2-0
45,4-4-0
46,4-6-0
47,47_Ursae_Majoris
48,47_Ursae_Majoris_b
49,47_Ursae_Majoris_c
50,4_Vesta
51,4th_century
52,55_Cancri
53,55_Cancri_b
54,55_Cancri_c
55,55_Cancri_d
56,55_Cancri_e
57,5th_century
58,6-2-0
59,6th_century
60,7th_century
61,8th_century
62,90377_Sedna
63,9th_century
64,A._E._J._Collins
65,ABO_blood_group_system
66,AC_DC
67,AIDS
68,AK-47
69,ALCO_FA
70,ASCII
71,AT%26T
72,ATLAS_experiment
73,A_Christmas_Carol
74,A_Tale_of_a_Tub
75,A_Wrinkle_in_Time
76,A_cappella
77,Aachen
78,Aardvark
79,Aarhus
80,Abac%C3%A1
81,Abacus
82,Abadan
83,Abbadid
84,Abbas_I_of_Persia
85,Abbasid
86,Abbey
87,Abbey_Theatre
88,Abbot
89,Abel_Tasman
90,Aberdeen
91,Aberration_of_light
92,Aberystwyth
93,Abhidhamma_Pitaka
94,Abidjan
95,Abkhazia
96,Able_Archer_83
97,Abraham_Goldfaden
98,Abraham_Lincoln
99,Absinthe
100,Absolute_zero
101,Abstract_art
102,Abu_Dhabi
103,Abuja
104,Acceleration
105,Accountancy
106,Accra
107,Acetic_acid
108,Acetone
109,Achilles
110,Achilles_tendon
111,Acid_rain
112,Acorn_Computers
113,Actinium
114,Action_potential
115,Actor
116,Acts_of_Union_1707
117,Actuary
118,Adam_Smith
119,Addis_Ababa
120,Adelaide
121,Adenosine_triphosphate
122,Adi_Shankara
123,Adolf_Hitler
124,Adriaen_van_der_Donck
125,Advertising
126,Aesthetics
127,Afghan_Hound
128,Afghanistan
129,Africa
130,African_American_literature
131,African_Black_Oystercatcher
132,African_Brush-tailed_Porcupine
133,African_Buffalo
134,African_Darter
135,African_Great_Lakes
136,African_Grey_Hornbill
137,African_Grey_Parrot
138,African_Jacana
139,African_Penguin
140,African_Union
141,African_Wild_Dog
142,African_clawed_frog
143,African_dwarf_frog
144,African_slave_trade
145,Afrikaans
146,Agamemnon
147,Age_of_Enlightenment
148,Aggregator
149,Agnosticism
150,Agriculture
151,Airbus
152,Airbus_A380
153,Aircraft
154,Aircraft_carrier
155,Airship
156,Ajax_%28programming%29
157,Akbar
158,Akhenaten
159,Akira_Kurosawa
160,Akkadian_Empire
161,Akrotiri_and_Dhekelia
162,Aksumite_currency
163,Al_Jazeera
164,Alamosaurus
165,Alan_Turing
166,Albania
167,Albatross
168,Albert_Einstein
169,Alberto_Santos-Dumont
170,Albertosaurus
171,Albigensian_Crusade
172,Albinism
173,Albrecht_D%C3%BCrer
174,Albrecht_Rodenbach
175,Alchemy
176,Alcibiades
177,Alcohol
178,Aleksandr_Pushkin
179,Aleksandr_Vasilevsky
180,Aleksey_Arakcheyev
181,Alexander_Graham_Bell
182,Alexander_Hamilton
183,Alexander_the_Great
184,Alfred_Hitchcock
185,Alfred_Nobel
186,Alfred_the_Great
187,Algebra
188,Algeria
189,Algerian_Civil_War
190,Algiers
191,Algol
192,Algoma_Central_Railway
193,Algorithm
194,Alice%27s_Adventures_in_Wonderland
195,All_Blacks
196,All_You_Need_Is_Love_%28The_JAMs_song%29
197,All_your_base_are_belong_to_us
198,Allah
199,Allegory_in_the_Middle_Ages
200,Alligator
201,Alliterative_verse
202,Allosaurus
203,Almaty
204,Almond
205,Alpaca
206,Alphabet
207,Alternating_current
208,Alternation_of_generations
209,Alternative_rock
210,Aluminium
211,Aluminium_chloride
212,Alzheimer%27s_disease
213,Amaranth_oil
214,Amarillo%2C_Texas
215,Amazon_Basin
216,Amazon_Rainforest
217,Amazon_River
218,Amazon_parrot
219,Amber
220,Amda_Seyon_I
221,American_Civil_War
222,American_English
223,American_Revolutionary_War
224,American_Samoa
225,American_football
226,American_popular_music
227,Americium
228,Amish
229,Ammolite
230,Ammonia
231,Ammonite
232,Ammosaurus
233,Amsterdam
234,Amtrak
235,Amur
236,Anaconda
237,Analytical_Marxism
238,Anarchism
239,Anarcho-capitalism
240,Anatomy
241,Ancient_Egypt
242,Ancient_Greece
243,Ancient_Rome
244,Ancient_history
245,Andes
246,Andorra
247,Andr%C3%A9s_Nocioni
248,Andrew_Carnegie
249,Andrew_Dickson_White
250,Andrew_Gonzalez
251,Andrew_Jackson
252,Andrew_Johnson
253,Andrew_Robinson
254,Andriyivskyy_Descent
255,Andromeda_Galaxy
256,Andy_Warhol
257,Anemia
258,Angel_shark
259,Angelica
260,Angkor
261,Angkor_Wat
262,Anglican_Church_of_Australia
263,Anglican_Communion
264,Anglicanism
265,Anglo-Saxon_literature
266,Angola
267,Anguilla
268,Animal
269,Animal_law
270,Animal_rights
271,Animation
272,Ankylosaurus
273,Ann_Arbor%2C_Michigan
274,Anna_Karenina
275,Anne_Frank
276,Anne_of_Great_Britain
277,Annibale_Bugnini
278,Anno_Domini
279,Anschluss
280,Ant
281,Antananarivo
282,Antarctic_Treaty_System
283,Antarctic_krill
284,Antarctica
285,Antarctosaurus
286,Anteater
287,Antelope
288,Anthony_van_Dyck
289,Anthropology
290,Antigua_and_Barbuda
291,Antimony
292,Antlion
293,Antoine_Lavoisier
294,Anton%C3%ADn_Dvo%C5%99%C3%A1k
295,Anton_Alexander_von_Werner
296,Antonio_Vivaldi
297,Antwerp
298,Apaochi
299,Apatosaurus
300,Ape
301,Aphid
302,Apollo
303,Apollo_11
304,Apollo_8
305,Apostolic_Succession
306,Apple
307,Applied_mathematics
308,Apricot
309,Aquarium
310,Arab-Israeli_conflict
311,Arab_League
312,Arabic_language
313,Arable_land
314,Aradia%2C_or_the_Gospel_of_the_Witches
315,Aral_Sea
316,Arcadia_%28play%29
317,Archaeoastronomy
318,Archaeology
319,Archaeopteryx
320,Archbishop_of_Canterbury
321,Archimedes
322,Architecture
323,Architecture_of_Windows_NT
324,Architecture_of_the_California_missions
325,Arctic
326,Arctic_Circle
327,Arctic_Monkeys
328,Arctic_Ocean
329,Arctic_Tern
330,Arecaceae
331,Argan
332,Argentina
333,Argon
334,Argyle_diamond_mine
335,Ariel_Sharon
336,Aristarchus_%28crater%29
337,Aristotle
338,Arithmetic
339,Armadillo
340,Armand_Jean_du_Plessis%2C_Cardinal_Richelieu
341,Armenia
342,Armia_Krajowa
343,Arnold_Schwarzenegger
344,Arp2_3_complex
345,Ars_moriendi
346,Arsenal_F.C.
347,Arsenic
348,Art
349,Arthropod
350,Arthur_Ernest_Percival
351,Arthur_Sullivan
352,Arthur_Upfield
353,Arthur_Wellesley%2C_1st_Duke_of_Wellington
354,Arts_and_crafts
355,Aruba
356,Arugula
357,Ascariasis
358,Asia
359,Asp_%28reptile%29
360,Asparagus
361,Asperger_syndrome
362,Assyria
363,Astatine
364,Asteroid
365,Asthma
366,Astrology
367,Astronomy
368,Astrophysics_Data_System
369,Asunci%C3%B3n
370,Ateneo_de_Manila_University
371,Athanasius_Kircher
372,Atheism
373,Athena
374,Athens
375,Athletics_%28track_and_field%29
376,Atlanta%2C_Georgia
377,Atlantic_Coast_Line_Railroad
378,Atlantic_Ocean
379,Atlantic_herring
380,Atlantic_slave_trade
381,Atlantis
382,Atom
383,Atonality
384,Attack_on_Pearl_Harbor
385,Attalus_I
386,Attention-deficit_hyperactivity_disorder
387,Attila_the_Hun
388,Auckland
389,Augusta%2C_Lady_Gregory
390,Augustan_literature
391,Auguste_Rodin
392,Augustine_of_Hippo
393,Augustus
394,Australia
395,Australian_English
396,Australian_Green_Tree_Frog
397,Australian_Open
398,Australian_Ringneck
399,Australian_constitutional_law
400,Australian_rules_football
401,Austria
402,Autism
403,Auto_racing
404,Autobianchi_Primula
405,Autocracy
406,Automated_teller_machine
407,Automatic_number_plate_recognition
408,Automobile
409,Autorack
410,Autostereogram
411,Autumn
412,Avacha_Volcano
413,Avalanche
414,Avatar__The_Last_Airbender
415,Avocado
416,Avon_Gorge
417,Avro_Lancaster
418,Axe
419,Ayaan_Hirsi_Ali
420,Aye-aye
421,Aymer_de_Valence%2C_2nd_Earl_of_Pembroke
422,Azerbaijan
423,Azerbaijani_people
424,Aztec
425,BAE_Systems
426,BASIC
427,BBC
428,BBC_television_drama
429,BP
430,BT_Tower
431,B_vitamins
432,Babe_Ruth
433,Baboon
434,Babur
435,Baby_Gender_Mentor
436,Babylonia
437,Backgammon
438,Bacteria
439,Baden-Powell_House
440,Badger
441,Badminton
442,Baghdad
443,Bah%C3%A1%27%C3%AD_Faith
444,Bahamas
445,Bahrain
446,Baker_Island
447,Bald_Eagle
448,Baltic_Sea
449,Baltimore%2C_Maryland
450,Bamako
451,Banana
452,Bandicoot
453,Bangalore
454,Bangkok
455,Bangladesh
456,Banjul
457,Bank_of_China_%28Hong_Kong%29
458,Banknote
459,Banksy
460,Bantu
461,Barack_Obama
462,Barbados
463,Barbara_McClintock
464,Barbary_Lion
465,Barbary_Macaque
466,Barcelona
467,Barium
468,Barley
469,Barn_Owl
470,Barnacle
471,Baroque
472,Barracuda
473,Baruch_Spinoza
474,Baseball
475,Basel
476,Basil
477,Basil_Brush
478,Basilica_of_San_Francesco_d%27Assisi
479,Basilica_of_Santa_Maria_degli_Angeli
480,Basketball
481,Basking_shark
482,Bass_%28fish%29
483,Basset_Hound
484,Bassoon
485,Bat
486,Bat-eared_Fox
487,Bath%2C_Somerset
488,Bath_School_disaster
489,Batholith
490,Batman
491,Battle_of_Alesia
492,Battle_of_Amiens
493,Battle_of_Austerlitz
494,Battle_of_Badr
495,Battle_of_Bicocca
496,Battle_of_Britain
497,Battle_of_Cannae
498,Battle_of_France
499,Battle_of_Gettysburg
500,Battle_of_Grunwald
501,Battle_of_Hastings
502,Battle_of_Jutland
503,Battle_of_Lechaeum
504,Battle_of_Leyte_Gulf
505,Battle_of_Marathon
506,Battle_of_Midway
507,Battle_of_Moscow
508,Battle_of_Normandy
509,Battle_of_Rennell_Island
510,Battle_of_Sitka
511,Battle_of_Smolensk_%281943%29
512,Battle_of_Stalingrad
513,Battle_of_Tours
514,Battle_of_Vaslui
515,Battle_of_Warsaw_%281920%29
516,Battle_of_the_Bulge
517,Battle_of_the_Eastern_Solomons
518,Battle_of_the_Little_Bighorn
519,Battle_of_the_Santa_Cruz_Islands
520,Battle_of_the_Somme_%281916%29
521,Battles_of_the_Mexican-American_War
522,Bay_Area_Rapid_Transit
523,Bay_of_Bengal
524,Beach
525,Bean
526,Bear
527,Beatles_for_Sale
528,Beaver
529,Bedbug
530,Bede
531,Bee
532,Beeching_Axe
533,Beekeeping
534,Beep_%28SWBLW%29
535,Beer
536,Beet
537,Beetle
538,Behavioral_finance
539,Behistun_Inscription
540,Beijing
541,Beirut
542,Belarus
543,Belfast
544,Belgium
545,Belize
546,Belton_House
547,Ben-Hur_%281959_film%29
548,Ben_Jonson
549,Ben_Nevis
550,Bench_language
551,Benin
552,Benito_Mussolini
553,Benjamin_Britten
554,Benjamin_Disraeli%2C_1st_Earl_of_Beaconsfield
555,Benjamin_Franklin
556,Benjamin_Harrison
557,Benjamin_Mountfort
558,Benjamin_of_Tudela
559,Benzene
560,Berber_languages
561,Beriberi
562,Berkelium
563,Berlin
564,Berlin_Wall
565,Bermuda
566,Bernard_Hinault
567,Bertrand_Russell
568,Beryllium
569,Betelgeuse_incident
570,Bette_Davis
571,Bhutan
572,Bible
573,Bicycle
574,Bicycle_Thieves
575,Big_Bang
576,Bill_Clinton
577,Bill_Gates
578,Billie_Holiday
579,Binary_star
580,Binoculars
581,Binomial_nomenclature
582,Biodiesel
583,Biodiversity
584,Biofuel
585,Bioinformatics
586,Biology
587,Bionicle__Mask_of_Light
588,Biosphere
589,Biotechnology
590,Bird
591,Bird_migration
592,Bird_of_prey
593,Birmingham
594,Birth_control
595,Bismuth
596,Bison
597,Bissau
598,Bj%C3%B6rn_Borg
599,Bj%C3%B8rn%C3%B8ya
600,Black-backed_Jackal
601,Black-footed_Cat
602,Black-winged_Stilt
603,Black_Death
604,Black_Rhinoceros
605,Black_Robin
606,Black_Sea
607,Black_Seminoles
608,Black_Wildebeest
609,Black_hole
610,Black_panther
611,Black_pepper
612,Black_widow_spider
613,Blackbird
614,Blackcap
615,Blackjack
616,Blackpool
617,Blacktip_reef_shark
618,Blade_Runner
619,Blaise_Pascal
620,Blitzkrieg
621,Blokus
622,Blood_type
623,Blue_Jay
624,Blue_Peter
625,Blue_Tit
626,Blue_Whale
627,Blue_Wildebeest
628,Blue_shark
629,Bluegrass_music
630,Bluetooth
631,Boa
632,Board_game
633,Boat
634,Bob_Dylan
635,Bob_Marley
636,Bobcat
637,Body_mass_index
638,Bodyline
639,Boeing_747
640,Bog
641,Bogot%C3%A1
642,Bohemian_Rhapsody
643,Bohor_Reedbuck
644,Bohrium
645,Bolivia
646,Bologna
647,Boltysh_crater
648,Bongo_%28antelope%29
649,Bonobo
650,Bontebok
651,Booby
652,Book
653,Book_of_Common_Prayer
654,Book_of_Kells
655,Boolean_logic
656,Borage
657,Boris_Becker
658,Boron
659,Bosnia_and_Herzegovina
660,Boston%2C_Massachusetts
661,Boston_RFC
662,Boston_Terrier
663,Boston_and_Lowell_Railroad
664,Botany
665,Botswana
666,Bottlenose_Dolphin
667,Boudica
668,Boundary_Waters_Canoe_Area_Wilderness
669,Bourbonnais_train_accident
670,Bouvet_Island
671,Box_jellyfish
672,Boy_Scout
673,Boyle_Roche
674,Brabantian
675,Brabham
676,Brachiosaurus
677,Brahman
678,Brain
679,Bran
680,Brandon_Routh
681,Bras%C3%ADlia
682,Brass_instrument
683,Bratislava
684,Brazil
685,Bread
686,Breaker_Morant
687,Bretton_Woods_system
688,Brian_Close
689,Bridge
690,Brighton
691,Brisbane
692,Bristol
693,British_East_India_Company
694,British_Empire
695,British_English
696,British_House_of_Commons
697,British_Indian_Ocean_Territory
698,British_Isles
699,British_Isles_%28terminology%29
700,British_Virgin_Islands
701,British_monarchy
702,Britney_Spears
703,Broadcasting
704,Bromine
705,Bronze_Age
706,Brothers_Grimm
707,Brown_trout
708,Bruce_Lee
709,Bruce_Springsteen
710,Brunei
711,Brush
712,Brussels
713,Brute_force_attack
714,Bryce_Canyon_National_Park
715,Btrieve
716,Bucharest
717,Buckingham_Palace
718,Buckminster_Fuller
719,Budapest
720,Buddha
721,Buddhism
722,Buddhist_art
723,Buenos_Aires
724,Buffy_the_Vampire_Slayer
725,Bulgaria
726,Bull_shark
727,Burkina_Faso
728,Burundi
729,Bushbuck
730,Bushpig
731,Business
732,Butter
733,Button
734,Byzantine_Empire
735,C%2B%2B
736,C%C3%A6dmon
737,C%C3%B4te_d%27Ivoire
738,C._S._Lewis
739,CF7
740,CPU_cache
741,CS_gas
742,Cactus
743,Cadmium
744,Caesar_cipher
745,Caesium
746,Caesium_fluoride
747,Cai_Lun
748,Cairo
749,Calcite
750,Calcium
751,Calcium_chloride
752,Calculus
753,Calgary
754,California
755,California_Southern_Railroad
756,Californium
757,Calligraphy
758,Caloris_Basin
759,Calvin_Coolidge
760,Calvin_and_Hobbes
761,Camarasaurus
762,Cambodia
763,Cambrian
764,Cambrian_explosion
765,Cambridge
766,Camel
767,Cameroon
768,Canada
769,Canada_Goose
770,Canadian_Charter_of_Rights_and_Freedoms
771,Canadian_English
772,Canadian_House_of_Commons
773,Canadian_Pacific_Railway
774,Canadian_Senate
775,Canadian_football
776,Canal
777,Canaletto
778,Canberra
779,Cancer
780,Cane_Toad
781,Canola
782,Canterbury
783,Canterbury_Cathedral
784,Canute_the_Great
785,Capacitance
786,Cape_Canaveral
787,Cape_Horn
788,Cape_Lion
789,Cape_Porcupine
790,Cape_Town
791,Cape_Verde
792,Capital
793,Capitalism
794,Capitoline_Triad
795,Captain_Marvel_%28DC_Comics%29
796,Caracas
797,Caratacus
798,Caravaggio
799,Carbon
800,Carbon_dioxide
801,Carboniferous
802,Carcinus_maenas
803,Card_game
804,Cardiff
805,Caribbean_Sea
806,Carl_Friedrich_Gauss
807,Carl_G._Fisher
808,Carl_Jung
809,Carl_Lewis
810,Carl_Sagan
811,Carlsbad_Caverns_National_Park
812,Carnivore
813,Caroline_Island
814,Carolingian_Gospel_Book_%28British_Library%2C_MS_Add._11848%29
815,Carolus_Linnaeus
816,Carrot
817,Casablanca_%28film%29
818,Casimir_effect
819,Caspian_Sea
820,Cassini-Huygens
821,Cassowary
822,Castra
823,Cat
824,Cat%27s_Eye_Nebula
825,Cat_Stevens
826,Cataract
827,Cataract_surgery
828,Cathedral_of_Magdeburg
829,Catherine_Cranston
830,Catherine_II_of_Russia
831,Catholic_social_teaching
832,Cattle
833,Cave
834,Cayman_Islands
835,Celeriac
836,Celery
837,Celine_Dion
838,Cell_%28biology%29
839,Cello
840,Celtic_F.C.
841,Celtic_Park
842,Celtic_mythology
843,Central_African_Republic
844,Central_processing_unit
845,Ceratopsidae
846,Cereal
847,Cerebellum
848,Ceres_%28dwarf_planet%29
849,Cerium
850,Chad
851,Chadian-Sudanese_conflict
852,Chaffinch
853,Channel_Islands
854,Charlemagne
855,Charles_Babbage
856,Charles_Darwin
857,Charles_Dickens
858,Charles_Etienne_Brasseur_de_Bourbourg
859,Charles_II_of_England
860,Charles_I_of_England
861,Charles_Sumner
862,Charles_V%2C_Holy_Roman_Emperor
863,Charlie_Chaplin
864,Charlotte%27s_Web
865,Chartism
866,Che_Guevara
867,Cheers
868,Cheese
869,Cheetah
870,Chelsea_F.C.
871,Chemical_element
872,Chemical_synapse
873,Chemistry
874,Chennai
875,Chepstow_Bridge
876,Chernobyl_disaster
877,Chess
878,Chester_A._Arthur
879,Chestnut
880,Chew_Magna
881,Chew_Stoke
882,Chew_Valley
883,Chew_Valley_Lake
884,Chicago
885,Chicago_Bears
886,Chicago_and_North_Western_Railway
887,Chicken
888,Child
889,Children%27s_Crusade
890,Children%27s_rights_movement
891,Chile
892,Chiltern_Hills
893,Chimpanzee
894,China
895,Chinese_Rites_controversy
896,Chinese_language
897,Chinyingi
898,Chives
899,Chlorine
900,Chocolate
901,Chola_dynasty
902,Cholera
903,Chordate
904,Chris_Evert
905,Christian_Bale
906,Christian_monasticism
907,Christianity
908,Christina_Aguilera
909,Christmas_Island
910,Christopher_Columbus
911,Christopher_Wren
912,Chromatic_aberration
913,Chromatophore
914,Chromium
915,Church_of_England
916,Church_of_Ireland
917,Cicely
918,Cider
919,Cinema_of_the_United_States
920,Citizen_Kane
921,Citizenship
922,Citrus
923,City
924,City_status_in_the_United_Kingdom
925,Civil_War_token
926,Civil_rights
927,Civil_society
928,Civilization
929,Civilization_%28computer_game%29
930,Clarinet
931,Classic_female_blues
932,Claude_L%C3%A9vi-Strauss
933,Claude_Monet
934,Claudius
935,Clay
936,Cleopatra_VII
937,Cleopatra_VII_of_Egypt
938,Cleveland%2C_Ohio
939,Clifton_Suspension_Bridge
940,Climate
941,Climate_change
942,Clock
943,Clone_Wars_%28Star_Wars%29
944,Clothing
945,Cloud
946,Coal
947,Coal_Tit
948,Cobalt
949,Coccinellidae
950,Cochineal
951,Cockatiel
952,Cocoa
953,Coconut
954,Coconut_crab
955,Coconut_oil
956,Cocos_%28Keeling%29_Islands
957,Cod
958,Code_of_Hammurabi
959,Coffee
960,Coin
961,Cold_War
962,Colditz_Castle
963,Colima_%28volcano%29
964,Collapse_of_the_World_Trade_Center
965,Colley_Cibber
966,Cologne
967,Colombia
968,Colombo
969,Color
970,Color_blindness
971,Colorado_River
972,Colossus_of_Rhodes
973,Columba
974,Columbia_River
975,Columbine_High_School_massacre
976,Columbus%2C_Ohio
977,Comet
978,Comet_Hale-Bopp
979,Comet_Halley
980,Comet_Hyakutake
981,Comet_Shoemaker-Levy_9
982,Comet_White-Ortiz-Bolelli
983,Comics
984,Comma_Johanneum
985,Commodore_64
986,Common_Basilisk
987,Common_Cuckoo
988,Common_Eider
989,Common_Eland
990,Common_Hazel
991,Common_Pheasant
992,Common_Tern
993,Common_agouti
994,Common_cold
995,Common_sage
996,Commonwealth_Games
997,Communication
998,Communism
999,Community
1000,Comoros
1001,Compact_Disc
1002,Company_%28law%29
1003,Compsognathus
1004,Computational_chemistry
1005,Computer
1006,Computer_and_video_games
1007,Computer_programming
1008,Computer_science
1009,Conakry
1010,Concorde
1011,Condoleezza_Rice
1012,Conflict
1013,Confucianism
1014,Confucius
1015,Congo_River
1016,Consolation_of_Philosophy
1017,Constantine_I
1018,Constantine_II_of_Scotland
1019,Constitution_of_May_3%2C_1791
1020,Constitutional_monarchy
1021,Constructivism_%28art%29
1022,Consumer_protection
1023,Contact_lens
1024,Continent
1025,Continental_crust
1026,Control_car_%28rail%29
1027,Convention_on_the_International_Trade_in_Endangered_Species_of_Wild_Flora_and_Fauna
1028,Convention_on_the_Rights_of_the_Child
1029,Cook_Islands
1030,Cookiecutter_shark
1031,Cooperative
1032,Coot
1033,Copenhagen
1034,Copenhagen_Fire_of_1728
1035,Copper
1036,Copper%28I%29_chloride
1037,Coriander
1038,Corinthian_War
1039,Cormorant
1040,Corn_oil
1041,Cornea
1042,Cornell_University
1043,Coronation_Street
1044,Corporate_finance
1045,Corporation
1046,Corrosion
1047,Corundum
1048,Cosmic_inflation
1049,Cosmic_microwave_background_radiation
1050,Costa_Rica
1051,Costume_design
1052,Cotopaxi
1053,Cotswolds
1054,Cotton
1055,Coulomb%27s_law
1056,Country
1057,Coupling_%28railway%29
1058,Coventry
1059,Crab_Nebula
1060,Crash_test_dummy
1061,Craters_of_the_Moon_National_Monument_and_Preserve
1062,Craton
1063,Creation-evolution_controversy
1064,Creationism
1065,Creative_Commons
1066,Cretaceous
1067,Cretaceous-Tertiary_extinction_event
1068,Cricket
1069,Crime
1070,Crime_and_Punishment
1071,Crime_in_Mexico
1072,Crimean_Karaites
1073,Crimean_War
1074,Crimson-collared_Tanager
1075,Cristero_War
1076,Criticism_of_the_War_on_Terrorism
1077,Croatia
1078,Crocodile
1079,Crohn%27s_disease
1080,Cross_Fell
1081,Crossbill
1082,Crow
1083,Crown_Jewels_of_the_United_Kingdom
1084,Crusades
1085,Crust_%28geology%29
1086,Crustacean
1087,Cryptography
1088,Crystal
1089,Crystallographic_defects_in_diamond
1090,Cuba
1091,Cubeb
1092,Cubism
1093,Cuckmere_Haven
1094,Cultivar
1095,Cultural_diversity
1096,Cultural_identity
1097,Culture
1098,Culture_of_the_Democratic_Republic_of_the_Congo
1099,Curium
1100,Currency
1101,Cyanocobalamin
1102,Cyberpunk
1103,Cyclamen
1104,Cyclone_Percy
1105,Cyclone_Rosita
1106,Cyclops
1107,Cymbopogon
1108,Cyprus
1109,Cyril_Clarke
1110,Cyrus_K._Holliday
1111,Cyrus_the_Great
1112,Cystic_fibrosis
1113,Czech_Republic
1114,D%C3%A1l_Riata
1115,D%C3%BCsseldorf
1116,DNA
1117,DNA_repair
1118,DVD
1119,Dad%27s_Army
1120,Dada
1121,Dakar
1122,Dakota%2C_Minnesota_and_Eastern_Railroad
1123,Daley_Thompson
1124,Dallas%2C_Texas
1125,Dam
1126,Damascus
1127,Damascus_steel
1128,Damon_Hill
1129,Dance
1130,Dandelion
1131,Daniel_Day-Lewis
1132,Daniel_Ellsberg
1133,Danny_Deever
1134,Danske_Statsbaner
1135,Dante_Alighieri
1136,Danube
1137,Darfur_conflict
1138,Dark_Ages
1139,Darling_River
1140,Darmstadtium
1141,Darth_Vader
1142,Dartmoor
1143,Das_Kapital
1144,Data_Encryption_Standard
1145,David_Attenborough
1146,David_Beckham
1147,David_Blanchflower
1148,David_Cameron
1149,David_Copperfield_%28novel%29
1150,David_Helvarg
1151,David_Heymann
1152,David_Hilbert
1153,David_Hume
1154,David_III_of_Tao
1155,David_Livingstone
1156,Davis_Cup
1157,Davy_Jones%27_Locker
1158,Day
1159,Dayuan
1160,Dead_Sea
1161,Dead_Sea_scrolls
1162,Death_Valley_National_Park
1163,Decade_Volcanoes
1164,Deconstructivism
1165,Defaka
1166,Defense_of_Sihang_Warehouse
1167,Definition_of_planet
1168,Deinonychus
1169,Deity
1170,Delhi
1171,Deluge_%28mythology%29
1172,Demand_Note
1173,Democracy
1174,Democratic_Action_Party
1175,Democratic_Republic_of_the_Congo
1176,Demosthenes
1177,Denis_Law
1178,Denmark
1179,Dennis_Ritchie
1180,Denver%2C_Colorado
1181,Derby
1182,Desert
1183,Desert_locust
1184,Desmond_Tutu
1185,Despotism
1186,Detroit%2C_Michigan
1187,Devonian
1188,Dewey_Square
1189,Diabetes_mellitus
1190,Diamond
1191,Diamond_cut
1192,Diamond_simulant
1193,Diane_Keaton
1194,Dice
1195,Dido_and_Aeneas
1196,Diego_Garcia
1197,Diego_Maradona
1198,Diego_Vel%C3%A1zquez
1199,Differential_equation
1200,Differential_geometry_and_topology
1201,Diffuse_interstellar_band
1202,Dik-dik
1203,Dill
1204,Dilophosaurus
1205,Dimetrodon
1206,Dingo
1207,Dinosaur
1208,Diplodocus
1209,Directdebit
1210,Directive_Principles_in_India
1211,Disneyland_Railroad
1212,Distilled_beverage
1213,Dixie_Mission
1214,Djibouti
1215,Dmitri_Mendeleev
1216,Doctor_Who
1217,Dodo
1218,Dog
1219,Doha
1220,Dolphin
1221,Domesday_Book
1222,Domestic_AC_power_plugs_and_sockets
1223,Domestic_goat
1224,Domesticated_turkey
1225,Dominica
1226,Dominican_Republic
1227,Donald_Bradman
1228,Donald_Duck
1229,Donald_Knuth
1230,Doom
1231,Dorset
1232,Double-decker_bus
1233,Double_bass
1234,Douglas_Adams
1235,Dove
1236,Dover
1237,Down_syndrome
1238,Dr._Seuss
1239,Drama
1240,Draughts
1241,Drawing
1242,Dresden
1243,Drinking_water
1244,Driving_on_the_left_or_right
1245,Drosera_anglica
1246,Drosophila_melanogaster
1247,Drought
1248,Drum_and_bass
1249,Du_Fu
1250,Dualism_%28philosophy_of_mind%29
1251,Dubai
1252,Dublin
1253,Dubnium
1254,Duchenne_muscular_dystrophy
1255,Dundee
1256,Dundee_United_F.C.
1257,Dune
1258,Dunnock
1259,Dunstable_Downs
1260,Duran_Duran
1261,Durham
1262,Durham_Cathedral
1263,Durian
1264,Dutch_language
1265,Dwight_D._Eisenhower
1266,Dysprosium
1267,E.T._the_Extra-Terrestrial_%28Atari_2600%29
1268,E._E._Cummings
1269,E._P._Wigner
1270,ECHELON
1271,EMD_BL2
1272,EMD_F7
1273,EMD_GP30
1274,Eagle
1275,Eagle_Scout_%28Boy_Scouts_of_America%29
1276,Earl_of_Shaftesbury
1277,Earless_seal
1278,Earth
1279,Earth%27s_atmosphere
1280,Earthquake
1281,Earwax
1282,East-West_Schism
1283,EastEnders
1284,East_Africa
1285,East_Flemish
1286,East_Timor
1287,Easter_Island
1288,Eastern_Orthodox_Church
1289,Eastern_Roman_Empire
1290,Ebony
1291,Ecology
1292,Economic_inequality
1293,Economics
1294,Economy_of_Africa
1295,Economy_of_India
1296,Economy_of_Pakistan
1297,Economy_of_Scotland
1298,Economy_of_the_Iroquois
1299,Economy_of_the_Republic_of_Ireland
1300,Ecuador
1301,Edema
1302,Edgar_Allan_Poe
1303,Edible_salt
1304,Edinburgh
1305,Edmond_Halley
1306,Edmonton
1307,Edmund_Burke
1308,Edmund_Hillary
1309,Education
1310,Education_in_the_United_States
1311,Educational_psychology
1312,Edward_Gibbon
1313,Edward_III_of_England
1314,Edward_II_of_England
1315,Edward_IV_of_England
1316,Edward_I_of_England
1317,Edward_Jenner
1318,Edward_Teller
1319,Edward_VIII_of_the_United_Kingdom
1320,Edward_VII_of_the_United_Kingdom
1321,Edward_VI_of_England
1322,Edward_V_of_England
1323,Edward_the_Confessor
1324,Edwin_of_Northumbria
1325,Effect_of_Hurricane_Katrina_on_New_Orleans
1326,Effects_of_global_warming
1327,Effects_of_nuclear_explosions
1328,Egg_%28food%29
1329,Egypt
1330,Egyptian_pyramids
1331,Eifel_Aqueduct
1332,Eilmer_of_Malmesbury
1333,Einsteinium
1334,El_Aai%C3%BAn
1335,El_Hatillo_Municipality%2C_Miranda
1336,El_Lissitzky
1337,El_Ni%C3%B1o-Southern_Oscillation
1338,El_Salvador
1339,Elagabalus
1340,Eldfell
1341,Election
1342,Electric_charge
1343,Electric_field
1344,Electrical_engineering
1345,Electrical_resistance
1346,Electricity
1347,Electromagnetic_radiation
1348,Electron
1349,Electron_beam_welding
1350,Electronic_amplifier
1351,Electronics
1352,Elementary_algebra
1353,Elementary_arithmetic
1354,Elementary_group_theory
1355,Eleocharis_dulcis
1356,Elephant
1357,Elephant_bird
1358,Elephant_shrew
1359,Elfin-woods_Warbler
1360,Elias_Ashmole
1361,Eliminative_materialism
1362,Elizabeth_Fry
1363,Elizabeth_II_of_the_United_Kingdom
1364,Elizabeth_I_of_England
1365,Elizabethan_Poor_Law_%281601%29
1366,Elvis_Presley
1367,Emacs
1368,Emanuel_Swedenborg
1369,Emirate
1370,Emma_Roberts
1371,Emotion
1372,Emperor_Penguin
1373,Empires__Dawn_of_the_Modern_World
1374,Empiricism
1375,Employment
1376,Emu
1377,Enceladus_%28moon%29
1378,Encyclop%C3%A6dia_Britannica
1379,Endoscopic_foreign_body_retrieval
1380,Energy
1381,Engineering
1382,England
1383,England_expects_that_every_man_will_do_his_duty
1384,English_Channel
1385,English_Reformation
1386,English_language
1387,English_monarchs_family_tree
1388,English_peasants%27_revolt_of_1381
1389,English_poetry
1390,Enigma_machine
1391,Entropy
1392,Environmental_science
1393,Enzyme_kinetics
1394,Eocene
1395,Epaminondas
1396,Epazote
1397,Epic_of_Gilgamesh
1398,Episcopal_polity
1399,Equal_Protection_Clause
1400,Equatorial_Guinea
1401,Erbium
1402,Eric_Clapton
1403,Erie_Canal
1404,Eris_%28dwarf_planet%29
1405,Eritrea
1406,Ernest_Hemingway
1407,Ernest_Rutherford
1408,Eruption_column
1409,Erwin_Rommel
1410,Eskimo
1411,Esox
1412,Esperanto
1413,Essential_oil
1414,Estonia
1415,Ethanol
1416,Ethics
1417,Ethiopia
1418,Ethiopian_Wolf
1419,Ethnic_group
1420,Euclid
1421,Euclidean_geometry
1422,Eukaryote
1423,Euphrates
1424,Eurasian_Bullfinch
1425,Eurasian_Collared_Dove
1426,Eurasian_Eagle_Owl
1427,Eurasian_Jay
1428,Eurasian_Oystercatcher
1429,Euro
1430,Europe
1431,European_Goldfinch
1432,European_Greenfinch
1433,European_Kingfisher
1434,European_Parliament
1435,European_Space_Agency
1436,European_Union
1437,Europium
1438,Eurovision_Song_Contest
1439,Euston_Manifesto
1440,Eustreptospondylus
1441,Eva_Per%C3%B3n
1442,Evan_Rachel_Wood
1443,Evanton
1444,Evolution
1445,Evolutionarily_stable_strategy
1446,Existentialism
1447,Exploration_of_Mars
1448,Explorer_I
1449,Expressionism
1450,Extinct_birds
1451,Extinction
1452,Extrasolar_planet
1453,Extraterrestrial_life
1454,Eye
1455,Eye_%28cyclone%29
1456,Eyelid
1457,Ezra_Pound
1458,F-35_Lightning_II
1459,F-4_Phantom_II
1460,FIFA
1461,FIFA_World_Cup
1462,FM_Consolidated_line
1463,FairTax
1464,Fair_Isle
1465,Falcon
1466,Falkirk_Wheel
1467,Falkland_Islands
1468,Family
1469,Famine
1470,Fanny_Blankers-Koen
1471,Faroe_Islands
1472,Fascism
1473,Fashion
1474,Fatty_acid
1475,Fauna_of_Australia
1476,Feather
1477,Fed_Cup
1478,Federal_Bureau_of_Investigation
1479,Federated_States_of_Micronesia
1480,Fedora_Core
1481,Feldspar
1482,Felice_Beato
1483,Felix_Mendelssohn
1484,Felix_the_Cat
1485,Fencing
1486,Fennel
1487,Ferdinand_Magellan
1488,Ferdinandea
1489,Fermi_paradox
1490,Fermium
1491,Fern
1492,Fertile_Crescent
1493,Fertilizer
1494,Fetal_alcohol_spectrum_disorder
1495,Ffestiniog_Railway
1496,Fiberglass
1497,Fiction
1498,Fidel_Castro
1499,Fieldfare
1500,Fiji
1501,Film
1502,Final_Fantasy_%28video_game%29
1503,Final_Fantasy_Adventure
1504,Finance
1505,Financial_statements
1506,Fine_art
1507,Finland
1508,Fire
1509,Firearm
1510,Firecrest
1511,Firefly_%28TV_series%29
1512,First_Council_of_Nicaea
1513,First_Crusade
1514,First_Macedonian_War
1515,First_Transcontinental_Railroad
1516,Fish
1517,Fishing
1518,Flag_of_Australia
1519,Flag_of_Belarus
1520,Flag_of_Hong_Kong
1521,Flag_of_India
1522,Flag_of_Mexico
1523,Flag_of_South_Africa
1524,Flag_of_the_Republic_of_China
1525,Flamingo
1526,Flanders
1527,Flat_Earth
1528,Flemish_%28linguistics%29
1529,Flemish_dialects
1530,Flemish_people
1531,Flood
1532,Floppy_disk
1533,Florence_Nightingale
1534,Florida
1535,Florida_East_Coast_Railway
1536,Floris_and_Blancheflour
1537,Flower
1538,Floyd_Mayweather_Jr.
1539,Fluorine
1540,Flute
1541,Foie_gras
1542,Folic_acid
1543,Folk_music
1544,Folklore
1545,Food
1546,Football
1547,Football_%28soccer%29
1548,Force
1549,Forensic_facial_reconstruction
1550,Forest
1551,Formic_acid
1552,Formula_One
1553,Forrest_Gump
1554,Fort_de_Chartres
1555,Forth
1556,Forth_Bridge_%28railway%29
1557,Forth_Road_Bridge
1558,Fossil
1559,Fossil_fuel
1560,Fossil_record
1561,Fourteenth_Amendment_to_the_United_States_Constitution
1562,Fox
1563,Fr%C3%A9d%C3%A9ric_Chopin
1564,Fractal
1565,France
1566,France_in_the_American_Revolutionary_War
1567,Frances_Oldham_Kelsey
1568,Francis_Bacon
1569,Francis_Crick
1570,Francis_Drake
1571,Francis_Petre
1572,Francis_of_Assisi
1573,Francisco_Goya
1574,Francium
1575,Frank_Lloyd_Wright
1576,Frankenstein
1577,Frankfurt
1578,Franklin_B._Gowen
1579,Franklin_D._Roosevelt
1580,Franklin_Pierce
1581,Franks
1582,Franz_Kafka
1583,Franz_Schubert
1584,Frederick_Douglass
1585,Frederick_Hamilton-Temple-Blackwood%2C_1st_Marquess_of_Dufferin_and_Ava
1586,Frederick_II%2C_Holy_Roman_Emperor
1587,Frederick_II_of_Prussia
1588,Freetown
1589,French_Guiana
1590,French_Open_%28tennis%29
1591,French_Polynesia
1592,French_Revolution
1593,French_Southern_and_Antarctic_Lands
1594,French_language
1595,Fresh_water
1596,Friedrich_Nietzsche
1597,Friend_Directdebit
1598,Frog
1599,Fruit
1600,Fugu
1601,Full_moon
1602,Funchal
1603,Functional_programming
1604,Fundamental_Rights_in_India
1605,Fundamental_theorem_of_arithmetic
1606,Fungus
1607,Fur_language
1608,Fusarium
1609,Fyodor_Dostoevsky
1610,GDRT
1611,GNOME
1612,GNU
1613,GNU_Linux_naming_controversy
1614,GNU_Project
1615,Gabon
1616,Gaborone
1617,Gadolinium
1618,Gal%C3%A1pagos_Islands
1619,Galah
1620,Galaxy
1621,Galeras
1622,Galerina
1623,Galileo_Galilei
1624,Gallery_of_the_Kings_and_Queens_of_England
1625,Gallimimus
1626,Gallium
1627,Galveston_Hurricane_of_1900
1628,Game
1629,Game_theory
1630,Ganesha
1631,Ganges_River
1632,Ganges_shark
1633,Gangtok
1634,Garage_%28dance_music%29
1635,Garden
1636,Garden_Gnome_Liberation_Front
1637,Gardening
1638,Gas
1639,Gas_giant
1640,Gas_metal_arc_welding
1641,Gas_tungsten_arc_welding
1642,Gas_turbine-electric_locomotive
1643,Gaur
1644,Gauss%27s_law
1645,Gautama_Buddha
1646,Gaza_Strip
1647,Gazelle
1648,Gender
1649,Genealogy
1650,General_Pershing_Zephyr
1651,Genetic_code
1652,Genetics
1653,Geneva
1654,Genghis_Khan
1655,Genoa
1656,Gentoo_penguin
1657,Geography
1658,Geography_of_Africa
1659,Geography_of_India
1660,Geography_of_Ireland
1661,Geography_of_Texas
1662,Geology
1663,Geology_of_Dorset
1664,Geology_of_the_Grand_Canyon_area
1665,Geometry
1666,Georg_Cantor
1667,Georg_Forster
1668,Georg_von_Boeselager
1669,George_Byron%2C_6th_Baron_Byron
1670,George_Eliot
1671,George_Fox
1672,George_H._W._Bush
1673,George_Herbert
1674,George_III_of_the_United_Kingdom
1675,George_II_of_Great_Britain
1676,George_IV_of_the_United_Kingdom
1677,George_I_of_Great_Britain
1678,George_Thomas_Coker
1679,George_VI_of_the_United_Kingdom
1680,George_V_of_the_United_Kingdom
1681,George_W._Bush
1682,George_Washington
1683,Georgetown%2C_Guyana
1684,Georgia_%28country%29
1685,Gerald_Durrell
1686,Gerald_Ford
1687,German_Crusade%2C_1096
1688,German_language
1689,German_reunification
1690,Germanium
1691,Germany
1692,Gettysburg_Address
1693,Ghana
1694,Ghost_Dance
1695,Giant%27s_Causeway
1696,Giant_Eland
1697,Giant_Hogweed
1698,Giant_Panda
1699,Gibraltar
1700,Giganotosaurus
1701,Gilles_Villeneuve
1702,Giraffe
1703,Giuseppe_Verdi
1704,Giza_pyramid_complex
1705,Glacier
1706,Glacier_National_Park_%28US%29
1707,Glaciology
1708,Glasgow
1709,Glass
1710,Glasses
1711,Glastonbury_Festival
1712,GlaxoSmithKline
1713,Gliding
1714,Gliese_876
1715,Gliese_876_b
1716,Gliese_876_c
1717,Gliese_876_d
1718,Global
1719,Global_city
1720,Global_spread_of_H5N1
1721,Global_warming
1722,Globalization
1723,Globe_Theatre
1724,Globular_cluster
1725,Glorious_Revolution
1726,Glynn_Lunney
1727,Gmail
1728,Go_%28board_game%29
1729,Goa
1730,God
1731,Gold
1732,Gold%28III%29_chloride
1733,Gold_standard
1734,Goldcrest
1735,Golden_Eagle
1736,Golden_Gate_Highlands_National_Park
1737,Goldfish
1738,Goleta%2C_California
1739,Gone_with_the_Wind_%28film%29
1740,Google
1741,Goose
1742,Gordon_Brown
1743,Gordon_Griffith
1744,Gorilla
1745,Gossypium
1746,Gothenburg
1747,Gottfried_Leibniz
1748,Government
1749,Government_of_France
1750,Gowanus_Canal
1751,Grand_Canal_of_China
1752,Grand_Canyon
1753,Grand_Central_Station_%28Chicago%29
1754,Grand_Central_Terminal
1755,Grand_Forks%2C_North_Dakota
1756,Grand_Slam_%28tennis%29
1757,Grange_Hill
1758,Granite
1759,Graniteville_train_disaster
1760,Grape_seed_oil
1761,Graphic_novel
1762,Gravitation
1763,Gray_Wolf
1764,Gray_reef_shark
1765,Grease_%28film%29
1766,Great_Auk
1767,Great_Barrier_Reef
1768,Great_Black-backed_Gull
1769,Great_Britain
1770,Great_Bustard
1771,Great_Comet_of_1882
1772,Great_Cormorant
1773,Great_Crested_Grebe
1774,Great_Lakes
1775,Great_Lakes_Storm_of_1913
1776,Great_Moravia
1777,Great_Pyramid_of_Giza
1778,Great_Red_Spot
1779,Great_Rift_Valley
1780,Great_Salt_Lake
1781,Great_Spotted_Woodpecker
1782,Great_Tit
1783,Great_Wall_of_China
1784,Great_Yarmouth
1785,Great_comet
1786,Great_hammerhead
1787,Great_white_shark
1788,Greater_Cane_Rat
1789,Greco-Buddhism
1790,Greece
1791,Greek_War_of_Independence
1792,Greek_mythology
1793,Green_Woodpecker
1794,Greenhouse_effect
1795,Greenland
1796,Greg_LeMond
1797,Gregor_Mendel
1798,Gregorian_chant
1799,Gremlins
1800,Grenada
1801,Grevy%27s_Zebra
1802,Group_%28mathematics%29
1803,Grover_Cleveland
1804,Guadeloupe
1805,Guam
1806,Guangzhou
1807,Guatemala
1808,Guernsey
1809,Guglielmo_Marconi
1810,Guild
1811,Guinea
1812,Guinea-Bissau
1813,Guinness
1814,Guitar
1815,Gulf_of_Mexico
1816,Gull
1817,Gunpowder
1818,Guqin
1819,Gustav_Holst
1820,Gustavus_Franklin_Swift
1821,Guyana
1822,Gyeongju
1823,Gypsum
1824,H%C3%A4nsel_und_Gretel
1825,H.D.
1826,H5N1
1827,HD_209458_b
1828,HD_217107
1829,HD_217107_b
1830,HD_217107_c
1831,HD_28185
1832,HD_28185_b
1833,HIV
1834,HIV_AIDS_in_Africa
1835,HMS_E18
1836,HSBC
1837,HTTP_cookie
1838,H_II_region
1839,Habsburg_Spain
1840,Hadrian%27s_Wall
1841,Haemophilia
1842,Hafnium
1843,Haiti
1844,Haji_Mohammad_Suharto
1845,Halfbeak
1846,Halloween
1847,Hamburg
1848,Hamilton-Burr_duel
1849,Hammurabi
1850,Hampshire
1851,Hampstead_Heath
1852,Hannibal_Barca
1853,Hanoi
1854,Harald_Maddadsson
1855,Haraldsk%C3%A6r_Woman
1856,Harare
1857,Hardball_squash
1858,Harlem_Globetrotters
1859,Harley-Davidson
1860,Harold_Macmillan
1861,Harold_Wilson
1862,Harrier_Hawk
1863,Harry_Potter
1864,Harry_S._Truman
1865,Harvest
1866,Hasekura_Tsunenaga
1867,Hassium
1868,Hatshepsut
1869,Hawaiian_Goose
1870,Hawfinch
1871,Hawk
1872,Hawk-Eye
1873,Hawking_radiation
1874,Health
1875,Heard_Island_and_McDonald_Islands
1876,Heat
1877,Hebrew_calendar
1878,Hebrew_language
1879,Hebrides
1880,Heilbronn
1881,Helen
1882,Helen_Gandy
1883,Helicobacter_pylori
1884,Heliocentrism
1885,Helium
1886,Hellenistic_Greece
1887,Hello_Garci_scandal
1888,Helmeted_Guineafowl
1889,Helsinki
1890,Henipavirus
1891,Henri_Matisse
1892,Henrik_Ibsen
1893,Henry_David_Thoreau
1894,Henry_Fonda
1895,Henry_Ford
1896,Henry_H._Rogers
1897,Henry_III_of_England
1898,Henry_II_of_England
1899,Henry_IV_of_England
1900,Henry_I_of_England
1901,Henry_James
1902,Henry_Moore
1903,Henry_Morrison_Flagler
1904,Henry_Morton_Stanley
1905,Henry_Purcell
1906,Henry_Rollins
1907,Henry_VIII_of_England
1908,Henry_VII_of_England
1909,Henry_VI_of_England
1910,Henry_V_of_England
1911,Henry_Wood_%28conductor%29
1912,Hepatocellular_carcinoma
1913,Hepatorenal_syndrome
1914,Heracles
1915,Heraclius
1916,Heraldry
1917,Herbert_Hoover
1918,Herbig-Haro_object
1919,Herbivore
1920,Hermann_Maier
1921,Hern%C3%A1n_Cort%C3%A9s
1922,Hero_of_Ukraine
1923,Hero_of_the_Russian_Federation
1924,Herodotus
1925,Heron
1926,Herrerasaurus
1927,Herring_Gull
1928,Hey_Jude
1929,Hickman%27s_potentilla
1930,High_German_consonant_shift
1931,Hilda_of_Whitby
1932,Himalayas
1933,Himno_Nacional_Mexicano
1934,Hindi
1935,Hinduism
1936,Hip_hop_music
1937,Hippocrates
1938,Hippopotamus
1939,Hiroh_Kikai
1940,Hirohito
1941,History
1942,History_of_Alaska
1943,History_of_Anglo-Saxon_England
1944,History_of_Arizona
1945,History_of_Buddhism
1946,History_of_Burnside
1947,History_of_Cape_Colony_from_1806_to_1870
1948,History_of_Cape_Colony_from_1870_to_1899
1949,History_of_Central_Asia
1950,History_of_Earth
1951,History_of_Greece
1952,History_of_Greenland
1953,History_of_Limerick
1954,History_of_Louisville%2C_Kentucky
1955,History_of_Miami%2C_Florida
1956,History_of_New_Jersey
1957,History_of_Northwest_Territories_capital_cities
1958,History_of_Poland_%281945%E2%80%931989%29
1959,History_of_Portugal_%281777%E2%80%931834%29
1960,History_of_Puerto_Rico
1961,History_of_Russia
1962,History_of_Singapore
1963,History_of_Solidarity
1964,History_of_South_Africa
1965,History_of_South_Africa_in_the_apartheid_era
1966,History_of_South_Carolina
1967,History_of_Wikipedia
1968,History_of_computing_hardware
1969,History_of_democracy
1970,History_of_education
1971,History_of_merit_badges_%28Boy_Scouts_of_America%29
1972,History_of_nuclear_weapons
1973,History_of_painting
1974,History_of_post-Soviet_Russia
1975,History_of_saffron
1976,History_of_science
1977,History_of_slavery
1978,History_of_the_Australian_Capital_Territory
1979,History_of_the_Grand_Canyon_area
1980,History_of_the_Internet
1981,History_of_the_Netherlands
1982,History_of_the_Panama_Canal
1983,History_of_the_Portuguese_Communist_Party
1984,History_of_the_Royal_Australian_Navy
1985,History_of_the_West_Indian_cricket_team
1986,History_of_the_world
1987,Ho_Chi_Minh
1988,Ho_Chi_Minh_City
1989,Holkham_Hall
1990,Hollandic
1991,Holmium
1992,Holy_Roman_Empire
1993,Homer
1994,Homestar_Runner
1995,Homo_floresiensis
1996,Honduras
1997,Honey
1998,Honey_bee
1999,Hong_Kong
2000,Hoover_Dam
2001,Hopman_Cup
2002,Horatio_Nelson%2C_1st_Viscount_Nelson
2003,Horn_of_Africa
2004,Horse
2005,Hot_air_balloon
2006,House
2007,House_Martin
2008,House_Sparrow
2009,House_of_Lords
2010,Household_income_in_the_United_States
2011,Houston%2C_Texas
2012,Hovercraft
2013,Howards_End
2014,Howland_Island
2015,Hrafnkels_saga
2016,Hubbard_Glacier
2017,Hubble%27s_law
2018,Hubble_Deep_Field
2019,Hubble_Space_Telescope
2020,Hudson_Bay
2021,Hugo_Wolf
2022,Human
2023,Human_abdomen
2024,Human_dignity
2025,Human_rights
2026,Humanism
2027,Humanities
2028,Humbert_Roque_Versace
2029,Humour
2030,Humpback_Whale
2031,Humphry_Davy
2032,Humus
2033,Hundred_Years%27_War
2034,Hungary
2035,Hunger
2036,Huntington%27s_disease
2037,Hurricane_Alex_%282004%29
2038,Hurricane_Andrew
2039,Hurricane_Camille
2040,Hurricane_Charley
2041,Hurricane_Danny_%281997%29
2042,Hurricane_David
2043,Hurricane_Dennis
2044,Hurricane_Edouard_%281996%29
2045,Hurricane_Epsilon_%282005%29
2046,Hurricane_Felix_%281995%29
2047,Hurricane_Floyd
2048,Hurricane_Georges
2049,Hurricane_Gloria
2050,Hurricane_Ivan
2051,Hurricane_John_%281994%29
2052,Hurricane_John_%282006%29
2053,Hurricane_Katrina
2054,Hurricane_Lenny
2055,Hurricane_Marty_%282003%29
2056,Hurricane_Mitch
2057,Hurricane_Philippe_%282005%29
2058,Hurricane_Vince_%282005%29
2059,Husein_Grada%C5%A1%C4%8Devi%C4%87
2060,Hutu
2061,Hyde_Park%2C_London
2062,Hydrochloric_acid
2063,Hydrogen
2064,Hydrogen_peroxide
2065,Hydrology
2066,Hyena
2067,Hymenoptera
2068,Hypsilophodon
2069,IG_Farben_Building
2070,IPod
2071,ITunes
2072,I_Ching
2073,I_Want_to_Hold_Your_Hand
2074,Ibn_Battuta
2075,Ice
2076,Ice_age
2077,Ice_hockey
2078,Ice_sheet
2079,Iceland
2080,Iceland_hotspot
2081,Ichthyosaur
2082,Idit_Harel_Caperton
2083,Idolatry
2084,Igneous_rock
2085,Igor_Stravinsky
2086,Iguanodon
2087,Ike_Altgens
2088,Imagism
2089,Immanuel_Kant
2090,Imperative_programming
2091,Imperial_Japanese_Navy
2092,Impressionism
2093,Inca_Empire
2094,Income_disparity
2095,India
2096,Indian_Institutes_of_Technology
2097,Indian_Ocean
2098,Indian_Peafowl
2099,Indian_Railways
2100,Indian_Standard_Time
2101,Indian_cricket_team
2102,Indian_independence_movement
2103,Indira_Gandhi
2104,Indium
2105,Indo-Greek_Kingdom
2106,Indonesia
2107,Indonesian_language
2108,Indricotherium
2109,Inductance
2110,Indus_River
2111,Indus_Valley_Civilization
2112,Industrial_Revolution
2113,Industry
2114,Information
2115,Infrastructure
2116,Inner_Hebrides
2117,Insect
2118,Insulin
2119,Integrated_circuit
2120,Intel_Corporation
2121,Intelligence
2122,InterBase
2123,International_Court_of_Justice
2124,International_English
2125,International_Red_Cross_and_Red_Crescent_Movement
2126,International_Space_Station
2127,International_human_rights_instruments
2128,International_law
2129,Internet
2130,Internet_Explorer
2131,Interpol
2132,Introduction_to_special_relativity
2133,Invasion
2134,Invasion_of_Grenada
2135,Invasive_species
2136,Invertebrate
2137,Investment_banking
2138,Iodine
2139,Iowa_class_battleship
2140,Ipswich
2141,Iran
2142,Iranian_peoples
2143,Iraq
2144,Iraq_War
2145,Iraq_and_weapons_of_mass_destruction
2146,Ireland
2147,Ireland_King_of_Arms
2148,Iridium
2149,Irish_Sea
2150,Irish_people
2151,Irish_poetry
2152,Irish_theatre
2153,Iron
2154,Iron%28III%29_chloride
2155,Iron_Age
2156,Iron_Maiden
2157,Iron_Mike
2158,Irrigation
2159,Isaac
2160,Isaac_Asimov
2161,Isaac_Brock
2162,Isaac_Newton
2163,Isambard_Kingdom_Brunel
2164,Isan
2165,Ishango_bone
2166,Isis
2167,Islam
2168,Islamic_republic
2169,Island_Fox
2170,Isle_of_Man
2171,Isle_of_Wight
2172,Isles_of_Scilly
2173,Isospin
2174,Israel
2175,Issyk_Kul
2176,Istanbul
2177,Italian_Renaissance
2178,Italian_War_of_1521
2179,Italo_disco
2180,Italy
2181,Ivan_IV_of_Russia
2182,Ivory
2183,Ivory-billed_Woodpecker
2184,J%C3%B3rv%C3%ADk
2185,J%C3%B3zef_Pi%C5%82sudski
2186,J._J._Thomson
2187,J._K._Rowling
2188,J._M._W._Turner
2189,J._R._R._Tolkien
2190,J._S._Fry_%26_Sons
2191,Jack_Kerouac
2192,Jackal
2193,Jackanory
2194,Jackdaw
2195,Jackie_Robinson
2196,Jacob_Riis
2197,Jacobite_rising
2198,Jacques-Louis_David
2199,Jacques_Cartier
2200,Jakarta
2201,Jake_Gyllenhaal
2202,Jamaica
2203,James_Bond
2204,James_Buchanan
2205,James_Callaghan
2206,James_Clerk_Maxwell
2207,James_Cook
2208,James_D._Watson
2209,James_Garfield
2210,James_II_of_England
2211,James_I_of_England
2212,James_Joyce
2213,James_K._Polk
2214,James_Lovelock
2215,James_Monroe
2216,James_Stewart_%28actor%29
2217,James_T._Aubrey%2C_Jr.
2218,James_Watt
2219,Jan_Mayen
2220,Jane_Austen
2221,Jane_Eyre
2222,Jane_Fonda
2223,Japan
2224,Japanese_grammar
2225,Japanese_war_crimes
2226,Japanese_yen
2227,Jarvis_Island
2228,Jaws_%28film%29
2229,Jazz
2230,Jean-Jacques_Rousseau
2231,Jean_Charles_de_Menezes
2232,Jehovah
2233,Jerry_Fodor
2234,Jersey
2235,Jersey_Zoological_Park
2236,Jerusalem
2237,Jesse_Owens
2238,Jesus
2239,Jet_Set_Willy
2240,Jet_engine
2241,Jew
2242,Jewellery
2243,Jiaogulan
2244,Jimmy_Carter
2245,Jimmy_Wales
2246,Joan_of_Arc
2247,Jocelin
2248,Joel_Brand
2249,Johann_Pachelbel
2250,Johann_Sebastian_Bach
2251,Johann_Wolfgang_Goethe
2252,Johannes_Gutenberg
2253,Johannes_Kepler
2254,Johannes_Ockeghem
2255,Johannesburg
2256,John_A.T._Robinson
2257,John_Adams
2258,John_Bull_%28locomotive%29
2259,John_Cabot
2260,John_Calvin
2261,John_Constable
2262,John_Dee
2263,John_F._Kennedy
2264,John_F._Kennedy_assassination
2265,John_Flamsteed
2266,John_Henninger_Reagan
2267,John_Howard
2268,John_Locke
2269,John_Logie_Baird
2270,John_Marshall
2271,John_Maynard_Keynes
2272,John_McEnroe
2273,John_Millington_Synge
2274,John_Milton
2275,John_Pershing
2276,John_Seigenthaler%2C_Sr.
2277,John_Sentamu
2278,John_Tyler
2279,John_Vanbrugh
2280,John_W._Campbell
2281,John_W._Johnston
2282,John_of_England
2283,John_von_Neumann
2284,Johnny_Appleseed
2285,Johnston_Atoll
2286,Jomsvikings
2287,Jonah_Lomu
2288,Jonathan_Wild
2289,Jordan
2290,Jordan_River
2291,Jordanhill_railway_station
2292,Jorge_Luis_Borges
2293,Joseph_Haydn
2294,Joseph_Stalin
2295,Joseph_and_the_Amazing_Technicolor_Dreamcoat
2296,Josephus
2297,Juan_Sebasti%C3%A1n_Elcano
2298,Judaism
2299,Juice
2300,Julius_Caesar
2301,Julius_and_Ethel_Rosenberg
2302,July_2006_Java_earthquake
2303,Jump_rope
2304,Juniper_berry
2305,Jupiter
2306,Jupiter_%28mythology%29
2307,Jurassic
2308,Juvenile_delinquency
2309,Jyllands-Posten_Muhammad_cartoons_controversy
2310,K%C4%ABlauea
2311,Kaffir_lime
2312,Kakapo
2313,Kakariki
2314,Kangaroo
2315,Kansas_City%2C_Missouri
2316,Karachi
2317,Kargil_War
2318,Karikkoselk%C3%A4
2319,Karl_Benz
2320,Karl_Marx
2321,Karl_Popper
2322,Kashmir_region
2323,Katana
2324,Katyn_massacre
2325,Kazakhstan
2326,Keira_Knightley
2327,Kenya
2328,Kerala
2329,Kestrel
2330,Keurusselk%C3%A4
2331,Kevin_Spacey
2332,Khan_Wali_Khan
2333,Khartoum
2334,Khazars
2335,Khudai_Khidmatgar
2336,Kidnapped_%28novel%29
2337,Kiev
2338,Kigali
2339,Kigo
2340,King_Arthur
2341,King_Kong_%281933_film%29
2342,King_Kong_%282005_film%29
2343,Kingman_Reef
2344,Kipchaks_in_Georgia
2345,Kiribati
2346,Kite_%28bird%29
2347,Kitsch
2348,Klinefelter%27s_syndrome
2349,Knights_of_Columbus
2350,Kochi_%28India%29
2351,Kofi_Annan
2352,Kohlberg%27s_stages_of_moral_development
2353,Kolkata
2354,Konrad_Lorenz
2355,Kookaburra
2356,Korea
2357,Koryaksky
2358,Kosovo
2359,Krag-J%C3%B8rgensen
2360,Krakatoa
2361,Krazy_Kat
2362,Krill
2363,Krypton
2364,Ku_Klux_Klan
2365,Kuala_Lumpur
2366,Kubla_Khan
2367,Kuiper_belt
2368,Kurt_Cobain
2369,Kuru_%28disease%29
2370,Kuwait
2371,Kuwait_City
2372,Kylie_Minogue
2373,Kyoto_Protocol
2374,Kyrgyzstan
2375,L._S._Lowry
2376,LANSA_Cuzco_Crash
2377,La_Grande_Arm%C3%A9e
2378,La_Paz
2379,Labor_Day_Hurricane_of_1935
2380,Ladysmith_Black_Mambazo
2381,Lagos
2382,Laika
2383,Lake_Albert
2384,Lake_Baikal
2385,Lake_Burley_Griffin
2386,Lake_Chad
2387,Lake_District
2388,Lake_Edward
2389,Lake_Kariba
2390,Lake_Kivu
2391,Lake_Malawi
2392,Lake_Mead
2393,Lake_Powell
2394,Lake_Superior
2395,Lake_Tahoe
2396,Lake_Tanganyika
2397,Lake_Titicaca
2398,Lake_Toba
2399,Lake_Turkana
2400,Lake_Victoria
2401,Lake_Vostok
2402,Lance_Armstrong
2403,Lancia_Flaminia
2404,Land_%28economics%29
2405,Landform
2406,Landscape
2407,Language
2408,Lanthanum
2409,Laos
2410,Laozi
2411,Las_Palmas_de_Gran_Canaria
2412,Las_Vegas%2C_Nevada
2413,Last_Supper
2414,Latin
2415,Latin_America
2416,Latin_alphabet
2417,Latvia
2418,Laurence_Olivier
2419,Laurent_Fignon
2420,Lavender
2421,Law
2422,Lawn
2423,Lawrencium
2424,Laws_in_Wales_Acts_1535%E2%80%931542
2425,Layla
2426,Lead
2427,Lead%28II%29_nitrate
2428,League_of_Nations
2429,Leaning_Tower_of_Pisa
2430,Lebanon
2431,Leeds
2432,Lego
2433,Leicester
2434,Leif_Ericson
2435,Leisure
2436,Lemon
2437,Lemon_balm
2438,Lemon_myrtle
2439,Lens_%28anatomy%29
2440,Leo_%28constellation%29
2441,Leo_Tolstoy
2442,Leon_Trotsky
2443,Leonardo_da_Vinci
2444,Leonhard_Euler
2445,Lerwick
2446,Lesotho
2447,Lesothosaurus
2448,Lettuce
2449,Levee_failures_in_Greater_New_Orleans%2C_2005
2450,Lhasa
2451,Liberal_Democrats
2452,Liberal_democracy
2453,Liberalism
2454,Liberia
2455,Libertarianism
2456,Library
2457,Library_of_Alexandria
2458,Library_of_Congress
2459,Libreville
2460,Libya
2461,Liechtenstein
2462,Life
2463,Light
2464,Lighthouse_of_Alexandria
2465,Lighting_designer
2466,Lightning_rod
2467,Lille
2468,Lilongwe
2469,Lima
2470,Limerick
2471,Lincoln_%28automobile%29
2472,Lincoln_Town_Car
2473,Lindisfarne_Gospels
2474,Linear_algebra
2475,Linguistics
2476,Link_%28The_Legend_of_Zelda%29
2477,Linnet
2478,Linus_Pauling
2479,Linus_Torvalds
2480,Linux
2481,Lion
2482,Lipid
2483,Liquid_crystal
2484,Lisbon
2485,List_of_African_countries
2486,List_of_Archbishops_of_Canterbury
2487,List_of_Asian_countries
2488,List_of_Canadian_provinces_and_territories_by_area
2489,List_of_European_Union_member_states_by_accession
2490,List_of_European_countries
2491,List_of_French_monarchs
2492,List_of_North_American_countries
2493,List_of_Oceanian_countries
2494,List_of_Prime_Ministers_of_the_United_Kingdom
2495,List_of_South_American_countries
2496,List_of_Test_cricket_triple_centuries
2497,List_of_U.S._states_by_date_of_statehood
2498,List_of_animal_welfare_groups
2499,List_of_areas_in_the_National_Park_System_of_the_United_States
2500,List_of_circulating_currencies
2501,List_of_countries
2502,List_of_countries_by_system_of_government
2503,List_of_elements_by_name
2504,List_of_essential_oils
2505,List_of_lakes
2506,List_of_members_of_the_Commonwealth_of_Nations_by_date_joined
2507,List_of_minerals
2508,List_of_monarchs_in_the_British_Isles
2509,List_of_particles
2510,List_of_popes
2511,List_of_rivers_by_length
2512,List_of_sovereign_states
2513,List_of_universities_in_the_United_Kingdom
2514,List_of_vegetable_oils
2515,List_of_world%27s_largest_lakes
2516,Literacy
2517,Literature
2518,Lithium
2519,Lithium_aluminium_hydride
2520,Lithuania
2521,Little_Women
2522,Liverpool
2523,Liverpool_F.C.
2524,Liverpool_and_Manchester_Railway
2525,Llandudno
2526,Llywelyn_the_Great
2527,Local_community
2528,Local_government_in_the_United_Kingdom
2529,Loch
2530,Loch_Ness
2531,Logba_language
2532,Logic
2533,Logistics
2534,Lom%C3%A9
2535,London
2536,London_Bridge
2537,London_Underground
2538,London_Zoo
2539,London_sewerage_system
2540,Long-billed_Vulture
2541,Long-tailed_Tit
2542,Long_pepper
2543,Longship
2544,Looney_Tunes
2545,Lope_de_Barrientos
2546,Lord%27s_Resistance_Army
2547,Lord_Voldemort
2548,Los_Angeles%2C_California
2549,Lost_%28TV_series%29
2550,Lothal
2551,Lottie_Dod
2552,Louis_Armstrong
2553,Louis_Freeh
2554,Louis_Jordan
2555,Louis_Pasteur
2556,Louis_XIV_of_France
2557,Louisville%2C_Kentucky
2558,Lovage
2559,Love
2560,Lucy%2C_Lady_Duff-Gordon
2561,Ludwig_Wittgenstein
2562,Ludwig_van_Beethoven
2563,Luftwaffe
2564,Luminiferous_aether
2565,Lunar_eclipse
2566,Lung_cancer
2567,Lusaka
2568,Lutetium
2569,Luxembourg
2570,Luxembourg_%28city%29
2571,Lyme_disease
2572,Lyndon_B._Johnson
2573,Lynton_and_Barnstaple_Railway
2574,Lyon
2575,M%2AA%2AS%2AH_%28TV_series%29
2576,M-10001
2577,M-10003-6
2578,M1_motorway
2579,M25_motorway
2580,M6_motorway
2581,MINI_%28BMW%29
2582,Macau
2583,Macbeth
2584,Macbeth_of_Scotland
2585,Macedon
2586,Machu_Picchu
2587,Macintosh
2588,Mackenzie_River
2589,Madagascar
2590,Madama_Butterfly
2591,Madrid
2592,Magdalena_Abakanowicz
2593,Magellanic_Penguin
2594,Maghreb
2595,Magic__The_Gathering
2596,Maglev_train
2597,Magma
2598,Magna_Carta
2599,Magnesium
2600,Magnet
2601,Magnetism
2602,Magpie
2603,Mahabharata
2604,Mahatma_Gandhi
2605,Mahjong
2606,Mahmoud_Abbas
2607,Maiasaura
2608,Maize
2609,Makuria
2610,Malaria
2611,Malaspina_Glacier
2612,Malawi
2613,Malaysia
2614,Malcolm_III_of_Scotland
2615,Malcolm_II_of_Scotland
2616,Malcolm_X
2617,Maldives
2618,Mali
2619,Mallard
2620,Malta
2621,Malwa_%28Madhya_Pradesh%29
2622,Mamenchisaurus
2623,Mammal
2624,Mammoth
2625,Mammoth_Cave_National_Park
2626,Mancala
2627,Manchester
2628,Manchester_United_F.C.
2629,Mandan
2630,Manganese
2631,Mango
2632,Manifest_Destiny
2633,Manifold
2634,Manila
2635,Manorialism
2636,Manuel_I_Komnenos
2637,Manufacturing
2638,Mao_Zedong
2639,Map_projection
2640,Maputo
2641,Marc_Pugh
2642,Marcel_Lefebvre
2643,Marcel_Proust
2644,Marco_Polo
2645,Marcus_Allen
2646,Margaret_Sanger
2647,Margaret_Thatcher
2648,Margate
2649,Margin_of_error
2650,Marginated_Tortoise
2651,Marie_Curie
2652,Mario
2653,Marjoram
2654,Mark_Antony
2655,Mark_Twain
2656,Mark_Twain_House
2657,Mark_Webber
2658,Market
2659,Markup_language
2660,Mars
2661,Mars_Exploration_Rover
2662,Mars_Reconnaissance_Orbiter
2663,Marseille
2664,Marshall_Islands
2665,Marshall_Plan
2666,Martello_tower
2667,Martin_Luther
2668,Martin_Luther_King%2C_Jr.
2669,Martin_Van_Buren
2670,Martina_Navratilova
2671,Martinique
2672,Marvin_Gaye
2673,Marxism
2674,Mary_II_of_England
2675,Mary_I_of_England
2676,Mary_I_of_Scotland
2677,Mary_Kingsley
2678,Mary_Seacole
2679,Mary_Somerville
2680,Maseru
2681,Mass_Rapid_Transit_%28Singapore%29
2682,Mass_media
2683,Massospondylus
2684,Material_properties_of_diamond
2685,Mathematical_analysis
2686,Mathematics
2687,Matilda_of_Boulogne
2688,Matrix_%28mathematics%29
2689,Matsuo_Bash%C5%8D
2690,Matter
2691,Matthew_Brettingham
2692,Mauna_Loa
2693,Mauritania
2694,Mauritius
2695,Mausoleum_of_Maussollos
2696,Mauthausen-Gusen_concentration_camp
2697,Max_Planck
2698,Max_Weber
2699,Maxwell%27s_equations
2700,Maya_civilization
2701,Maya_mythology
2702,Mayotte
2703,Mbabane
2704,McFly_%28band%29
2705,Meander
2706,Measles
2707,Measurement
2708,Meat
2709,Mecca
2710,Mechanical_work
2711,Medal_of_Honor
2712,Medicine
2713,Medieval_commune
2714,Medieval_literature
2715,Medieval_music
2716,Mediterranean_Sea
2717,Mega_Man_X_%28character%29
2718,Meitnerium
2719,Mekong
2720,Melbourne
2721,Mendelevium
2722,Mendip_Hills
2723,Meningitis
2724,Menstrual_cycle
2725,Mentha
2726,Menthol
2727,Mercantilism
2728,Mercia
2729,Mercury_%28element%29
2730,Mercury_%28planet%29
2731,Merrimack_River
2732,Merseburg_Incantations
2733,Mesopotamia
2734,Mestizo
2735,Metal
2736,Metallurgy
2737,Metamorphic_rock
2738,Meteor
2739,Meteor_shower
2740,Meteorological_history_of_Hurricane_Katrina
2741,Meteorology
2742,Metric_expansion_of_space
2743,Mexico
2744,Mexico_City
2745,Miami%2C_Florida
2746,Michael_Faraday
2747,Michael_Jordan
2748,Michael_Ramsey
2749,Michael_Woodruff
2750,Michelangelo
2751,Michigan_State_University
2752,Mickey_Mantle
2753,Microraptor
2754,Microscope
2755,Microsoft
2756,Microsoft_Windows
2757,Middle_Ages
2758,Middle_East
2759,Midway_Atoll
2760,Miguel_de_Cervantes
2761,Mikhail_Gorbachev
2762,Milan
2763,Miles_Davis
2764,Milgram_experiment
2765,Military_dictatorship
2766,Military_history_of_Canada
2767,Military_history_of_France
2768,Military_history_of_Puerto_Rico
2769,Military_history_of_the_Soviet_Union
2770,Milk
2771,Milk_thistle
2772,Milkshake
2773,Milky_Way
2774,Millard_Fillmore
2775,Milton_Keynes
2776,Mind
2777,Mineral
2778,Ming_Dynasty
2779,Mini
2780,Minimum_wage
2781,Mining
2782,Minmi_%28dinosaur%29
2783,Minneapolis%2C_Minnesota
2784,Minnesota
2785,Minoan_civilization
2786,Minstrel_show
2787,Miocene
2788,Mir
2789,Mirabilis_%28plant%29
2790,Miranda_Otto
2791,Mississippi_River
2792,Missouri_River
2793,Mistle_Thrush
2794,Mitochondrial_Eve
2795,Mitochondrion
2796,Mixed-breed_dog
2797,Mixtape
2798,Modern_history
2799,Modernist_poetry_in_English
2800,Mogadishu
2801,Mohs_scale_of_mineral_hardness
2802,Moldova
2803,Moldovans
2804,Mole_%28animal%29
2805,Molybdenum
2806,Momentum
2807,Mona_Lisa
2808,Monaco
2809,Monaco_Grand_Prix
2810,Monarchies_in_the_European_Union
2811,Monarchy
2812,Monarda_didyma
2813,Money
2814,Mongol_Empire
2815,Mongol_invasion_of_Central_Asia
2816,Mongolia
2817,Mongoose
2818,Monkey
2819,Monoclonius
2820,Monopoly_%28game%29
2821,Monrovia
2822,Montenegro
2823,Montevideo
2824,Montreal
2825,Montreal_Metro
2826,Montserrat
2827,Monty_Python
2828,Moon
2829,Moon_landing
2830,Moore%27s_Law
2831,Moorgate
2832,Moorhen
2833,Morecambe_Bay
2834,Morecambe_and_Wise
2835,Moringa_oleifera
2836,Mormon
2837,Mormon_Trail
2838,Morocco
2839,Morphine
2840,Morris_dance
2841,Mosaic
2842,Moscow
2843,Mosque
2844,Moss
2845,Mother_Teresa
2846,Motion_%28physics%29
2847,Mount_Baker
2848,Mount_Everest
2849,Mount_Kilimanjaro
2850,Mount_Nyiragongo
2851,Mount_Osmond%2C_South_Australia
2852,Mount_Pinatubo
2853,Mount_Rainier
2854,Mount_Rushmore
2855,Mount_St._Helens
2856,Mount_Unzen
2857,Mount_Vesuvius
2858,Mountain_Gorilla
2859,Mozambique
2860,Mozilla_Firefox
2861,Mu_Arae
2862,Muhammad
2863,Muhammad_Ali
2864,Muhammad_Ali_Jinnah
2865,Muhammad_Iqbal
2866,Muhammad_ibn_Musa_al-Khwarizmi
2867,Multiculturalism
2868,Multiple_sclerosis
2869,Multiple_sequence_alignment
2870,Mumbai
2871,Mummy
2872,Munich
2873,Murray_River
2874,Muscat%2C_Oman
2875,Music
2876,Music_of_Albania
2877,Music_of_Antigua_and_Barbuda
2878,Music_of_Barbados
2879,Music_of_Dominica
2880,Music_of_Hawaii
2881,Music_of_Hungary
2882,Music_of_Ireland
2883,Music_of_Italy
2884,Music_of_Martinique_and_Guadeloupe
2885,Music_of_New_Zealand
2886,Music_of_Spain
2887,Music_of_Thailand
2888,Music_of_Trinidad_and_Tobago
2889,Music_of_the_Bahamas
2890,Music_of_the_Lesser_Antilles
2891,Music_of_the_United_States
2892,Music_of_the_trecento
2893,Musical_instrument
2894,Mustard_plant
2895,Mustard_seed
2896,Muttaburrasaurus
2897,Myanmar
2898,Myco-heterotrophy
2899,Myers-Briggs_Type_Indicator
2900,Myocardial_infarction
2901,Mysticism
2902,Mythology
2903,Myxobolus_cerebralis
2904,NATO
2905,Nadia_Com%C4%83neci
2906,Nagorno-Karabakh_War
2907,Nahuatl_language
2908,Nairobi
2909,Naked_Mole_Rat
2910,Names_of_God_in_Judaism
2911,Namibia
2912,Nanomedicine
2913,Napoleon_I_of_France
2914,Napoleonic_Wars
2915,Napster
2916,Nash_equilibrium
2917,Nashville%2C_Tennessee
2918,Natalie_Portman
2919,Nathu_La
2920,National_Anthem_of_Russia
2921,National_Gallery%2C_London
2922,National_Hockey_League
2923,National_parks_of_England_and_Wales
2924,Nationalism
2925,Nationality
2926,Natural_disaster
2927,Natural_gas
2928,Natural_selection
2929,Nature
2930,Nauru
2931,Naval_Battle_of_Guadalcanal
2932,Navassa_Island
2933,Nazi_Germany
2934,Nazism
2935,Necktie
2936,Negros_Oriental
2937,Neighbours
2938,Neil_Armstrong
2939,Neil_Young
2940,Nelson_Mandela
2941,Nematode
2942,Neoclassicism
2943,Neodymium
2944,Neon
2945,Nepal
2946,Nepenthes_rajah
2947,Nephron
2948,Neptune
2949,Neptunium
2950,Netball
2951,Netherlands
2952,Netherlands_Antilles
2953,Neutron
2954,New_Caledonia
2955,New_Delhi
2956,New_England_Patriots
2957,New_Forest
2958,New_York_City
2959,New_York_City_Subway_nomenclature
2960,New_Zealand
2961,New_moon
2962,Newark%2C_New_Jersey
2963,Newcastle_upon_Tyne
2964,Newmarket
2965,Newshounds
2966,Newspaper
2967,Newsround
2968,Niagara_Falls
2969,Nicaragua
2970,Niccol%C3%B2_Machiavelli
2971,Niccol%C3%B2_Paganini
2972,Niccol%C3%B2_dell%27Abbate
2973,Nickel
2974,Nicobar_Long-tailed_Macaque
2975,Nicolaus_Copernicus
2976,Niels_Bohr
2977,Nigella
2978,Niger
2979,Niger_River
2980,Nigeria
2981,Nightingale
2982,Nikola_Tesla
2983,Nikolai_Rimsky-Korsakov
2984,Nile
2985,Nine_Million_Bicycles
2986,Nineteen_Eighty-Four
2987,Nintendo
2988,Nintendo_DS
2989,Nintendo_Entertainment_System
2990,Niobium
2991,Nirvana_%28band%29
2992,Nitrification
2993,Nitrogen
2994,Nitrogen_cycle
2995,Nitrogen_fixation
2996,Niue
2997,Noam_Chomsky
2998,Nobel_Peace_Prize
2999,Nobelium
3000,Nobiin_language
3001,Norfolk
3002,Norfolk_Island
3003,Norman_Borlaug
3004,Norman_conquest_of_England
3005,Norse_mythology
3006,North_Africa
3007,North_America
3008,North_Atlantic_oscillation
3009,North_Korea
3010,North_Sea
3011,North_Sea_flood_of_1953
3012,North_Sea_oil
3013,Northern_Ireland
3014,Northern_Mariana_Islands
3015,Northern_Pacific_Railway
3016,Northwest_Africa
3017,Norway
3018,Norwich
3019,Nostradamus
3020,Nottingham
3021,Nouakchott
3022,Novel
3023,Novelty_%28locomotive%29
3024,Nuclear_fission
3025,Nuclear_power
3026,Nuclear_weapon
3027,Number
3028,Numismatics
3029,Nurse_sharks
3030,Nuthatch
3031,Nutmeg
3032,Nutrition
3033,Oasis_%28band%29
3034,Oat
3035,Obi-Wan_Kenobi
3036,Ocean
3037,Oceania
3038,Oceanography
3039,Odin
3040,Odysseus
3041,Odyssey
3042,Oenothera
3043,Ohm
3044,Oil_painting
3045,Oil_refinery
3046,Oil_reservoir
3047,Okapi
3048,Olaudah_Equiano
3049,Old_English_language
3050,Old_Nubian_language
3051,Old_Swiss_Confederacy
3052,Oleg_of_Novgorod
3053,Oligarchy
3054,Oligocene
3055,Olive_oil
3056,Oliver_Cromwell
3057,Oliver_Twist
3058,Ollanta_Humala
3059,Olmec
3060,Olympic_Games
3061,Oman
3062,Omega-3_fatty_acid
3063,One_Flew_Over_the_Cuckoo%27s_Nest_%28novel%29
3064,One_Foot_in_the_Grave
3065,Onion
3066,Onion_dome
3067,OpenBSD
3068,OpenOffice.org
3069,Open_cluster
3070,Open_source
3071,Opera
3072,Oppression
3073,Optical_fiber
3074,Optical_microscope
3075,Optical_telescope
3076,Opuntia_imbricata
3077,Opus_Dei
3078,Orbit_%28anatomy%29
3079,Orca
3080,Order_of_Canada
3081,Order_of_St._Patrick
3082,Order_of_the_Bath
3083,Order_of_the_Garter
3084,Order_of_the_Thistle
3085,Ordinal_number
3086,Ordinary_differential_equation
3087,Ordination_of_women
3088,Ordovician
3089,Oregano
3090,Oregon
3091,Organism
3092,Organization
3093,Orion_Nebula
3094,Orkney
3095,Ormulum
3096,Ornithischia
3097,Oroonoko
3098,Osaka
3099,Osama_bin_Laden
3100,Osiris
3101,Oslo
3102,Osmium
3103,Osprey
3104,Osteomalacia
3105,Ostrich
3106,Oswald_of_Northumbria
3107,Ottawa
3108,Otter
3109,Otto_von_Bismarck
3110,Ottoman_Empire
3111,Ouagadougou
3112,Outer_Hebrides
3113,Overseas_Railroad
3114,Oviraptor
3115,Owl
3116,Oxbow_lake
3117,Oxford
3118,Oxygen
3119,Oxyrhynchus
3120,Ozone
3121,Ozone_depletion
3122,P%C3%B3voa_de_Varzim
3123,PONG
3124,PRR_GG1
3125,PRR_M1
3126,PSR_B1620-26c
3127,Pablo_Picasso
3128,Pac-Man
3129,Pachycephalosaurus
3130,Pacific_Ocean
3131,Painting
3132,Pakistan
3133,Palace_of_Westminster
3134,Palau
3135,Palazzo_Pitti
3136,Paleocene
3137,Paleontology
3138,Palestinian_territories
3139,Pali_Canon
3140,Palio_di_Siena
3141,Palladian_architecture
3142,Palladium
3143,Palm_oil
3144,Palmyra_Atoll
3145,Pan_Am_Flight_103
3146,Panama
3147,Panama_Canal
3148,Pandanus
3149,Papal_conclave
3150,Paprika
3151,Papua_New_Guinea
3152,Paraguay
3153,Parasaurolophus
3154,Paricut%C3%ADn
3155,Paris
3156,Park
3157,Parliament_of_Canada
3158,Parliament_of_Malaysia
3159,Parliament_of_the_United_Kingdom
3160,Parliamentary_system
3161,Parrot
3162,Parsley
3163,Parsnip
3164,Parthenon
3165,Pashtun_people
3166,Passenger_Pigeon
3167,Pat_Cash
3168,Patna
3169,Paul_C%C3%A9zanne
3170,Paul_Dirac
3171,Paul_Kane
3172,Paul_McCartney
3173,Paul_of_Tarsus
3174,Pea
3175,Peace
3176,Peaceful_coexistence
3177,Peafowl
3178,Peak_District
3179,Peanut
3180,Pearl
3181,Pedagogy
3182,Pedro_del_Valle
3183,Pel%C3%A9
3184,Pelagic_zone
3185,Pellagra
3186,Pelycosaur
3187,Penda_of_Mercia
3188,Penguin
3189,Pennine_Way
3190,Pennsylvania_Railroad
3191,Pentateuch
3192,People%27s_Republic_of_China
3193,Pere_Marquette_1225
3194,Peregrine_Falcon
3195,Perfect_number
3196,Pericles
3197,Periodic_table
3198,Periodic_table_%28large_version%29
3199,Perl
3200,Permian
3201,Pernicious_anemia
3202,Persian_Empire
3203,Persian_Gulf
3204,Persian_literature
3205,Perth%2C_Western_Australia
3206,Peru
3207,Pete_Sampras
3208,Peter_Grimes
3209,Peter_I_of_Russia
3210,Peter_Paul_Rubens
3211,Peterborough_Chronicle
3212,Petroleum
3213,Phase_%28matter%29
3214,Pheidippides
3215,Phenylketonuria
3216,Philadelphia
3217,Philately
3218,Philip_II_of_Spain
3219,Philippines
3220,Philosophiae_Naturalis_Principia_Mathematica
3221,Philosophy
3222,Philosophy_of_mind
3223,Phineas_Gage
3224,Phishing
3225,Phla-Pher%C3%A1_languages
3226,Phoenix_%28spacecraft%29
3227,Phoenix_Zoo
3228,Phonograph_cylinder
3229,Phosphorus
3230,Phosphorus_tribromide
3231,Phosphorus_trichloride
3232,Phosphoryl_chloride
3233,Photography
3234,Photon
3235,Photosynthesis
3236,Photosynthetic_reaction_centre
3237,Photovoltaic_array
3238,Physical_paradox
3239,Physical_science
3240,Physics
3241,Pi
3242,Piano
3243,Piccadilly_Circus
3244,Picts
3245,Pied_Avocet
3246,Pig
3247,Pigeon
3248,Pigment
3249,Pikachu
3250,Pink_Pigeon
3251,Pinworm
3252,Pitcairn_Islands
3253,Plains_Zebra
3254,Planet
3255,Planetary_habitability
3256,Planetary_nebula
3257,Plant
3258,Plant_cell
3259,Plasma_%28physics%29
3260,Plate_tectonics
3261,Plateosaurus
3262,Platinum
3263,Plato
3264,Platypus
3265,Playing_card
3266,Pleiades_%28star_cluster%29
3267,Plesiosaur
3268,Pliocene
3269,Plover
3270,Plum
3271,Pluto
3272,Plutonium
3273,Plymouth
3274,Pneumonia
3275,Pochard
3276,Podcasting
3277,Poetry
3278,Poetry_of_the_United_States
3279,Poison_gas_in_World_War_I
3280,Pok%C3%A9mon_Trading_Card_Game
3281,Poland
3282,Polar_coordinate_system
3283,Polar_ice_cap
3284,Police
3285,Police_state
3286,Polish%E2%80%93Muscovite_War_%281605%E2%80%931618%29
3287,Polish-Lithuanian_Commonwealth
3288,Polish-Muscovite_War_%281605%E2%80%931618%29
3289,Polish-Soviet_War
3290,Political_economy
3291,Political_integration_of_India
3292,Political_philosophy
3293,Political_science
3294,Politics
3295,Politics_of_the_United_Kingdom
3296,Pollinator
3297,Pollinator_decline
3298,Pollution
3299,Polonium
3300,Polymerase_chain_reaction
3301,Pompeii
3302,Pond
3303,Pontiac%27s_Rebellion
3304,Pony
3305,Poor_Law
3306,Pop_Idol
3307,Pope
3308,Pope_Benedict_XVI
3309,Pope_John_Paul_II
3310,Pope_Pius_XII
3311,Popular_culture
3312,Popular_culture_studies
3313,Population_history_of_American_indigenous_peoples
3314,Porgy_and_Bess
3315,Port_Louis
3316,Porto-Novo
3317,Portsmouth
3318,Portugal
3319,Portuguese_Communist_Party
3320,Portuguese_language
3321,Post-glacial_rebound
3322,Postage_stamp
3323,Postman_Pat
3324,Potassium
3325,Potassium_iodide
3326,Potassium_nitrate
3327,Potato
3328,Pottery
3329,Poultry
3330,Pound_sterling
3331,Poverty
3332,Prague
3333,Praia
3334,Praseodymium
3335,Pre-Raphaelite_Brotherhood
3336,Precambrian
3337,Prehistoric_man
3338,President_of_the_United_States
3339,Pretoria
3340,Pride_and_Prejudice
3341,Prime_Minister_of_the_United_Kingdom
3342,Prime_number
3343,Primula
3344,Princeton_University
3345,Principality
3346,Printmaking
3347,Prion
3348,Privy_Council_of_the_United_Kingdom
3349,Pro_Milone
3350,Probability_theory
3351,Programming_language
3352,Project_MKULTRA
3353,Project_Vanguard
3354,Promethium
3355,Propaganda
3356,Property
3357,Prospecting
3358,Prostate_cancer
3359,Protactinium
3360,Protein
3361,Protoceratops
3362,Proton
3363,Proxima_Centauri
3364,Psittacosaurus
3365,Psychology
3366,Pterosaur
3367,Ptolemy
3368,Publishing
3369,Puerto_Rico
3370,Puffin
3371,Pumpkin
3372,Punctuated_equilibrium
3373,Pupil
3374,Pygmy_Hippopotamus
3375,Pyongyang
3376,Pyotr_Ilyich_Tchaikovsky
3377,Pyramid
3378,Pyrite
3379,Pythagoras
3380,Pythagorean_theorem
3381,Python_%28programming_language%29
3382,Qatar
3383,Qin_Dynasty
3384,Qin_Shi_Huang
3385,Qing_Dynasty
3386,Quantity
3387,Quantum_chemistry
3388,Quantum_computer
3389,Quantum_mechanics
3390,Quark
3391,Quartz
3392,Quatermass_and_the_Pit
3393,Queen_%28band%29
3394,Quetzalcoatl
3395,Quito
3396,Qur%27an
3397,R%C3%A9union
3398,RER
3399,RMS_Titanic
3400,ROT13
3401,RSS_%28file_format%29
3402,Rabat
3403,Rabbit
3404,Rabies
3405,Rabindranath_Tagore
3406,Race
3407,Radar
3408,Radhanite
3409,Radio
3410,Radio_frequency
3411,Radio_telescope
3412,Radish
3413,Radium
3414,Radon
3415,Ragtime
3416,Rail_transport
3417,Rail_transport_in_India
3418,Railway_post_office
3419,Rain
3420,Rainbow
3421,Rainforest
3422,Rainhill_Trials
3423,Raising_the_Flag_on_Iwo_Jima
3424,Ralph_Nader
3425,Rama
3426,Ramayana
3427,Ramesses_II
3428,Ramsgate
3429,Ran_%28film%29
3430,Raney_nickel
3431,Raphael
3432,Rapping
3433,Raven
3434,Ray_of_Light
3435,Real_tennis
3436,Rebecca_Helferich_Clarke
3437,Recorder
3438,Recycling
3439,Red_Kite
3440,Red_Panda
3441,Red_Sea
3442,Red_dwarf
3443,Red_giant
3444,Red_rain_in_Kerala
3445,Redshift
3446,Redwing
3447,Redwood_National_and_State_Parks
3448,Reed_Bunting
3449,Reed_Warbler
3450,Refining
3451,Refrigerator_car
3452,Regent%27s_Park
3453,Reggae
3454,Reggaeton
3455,Religion
3456,Religious_Society_of_Friends
3457,Rembrandt
3458,Ren%C3%A9_Descartes
3459,Renaissance
3460,Renaissance_music
3461,Renminbi
3462,Renormalization
3463,Reptile
3464,Republic_of_China
3465,Republic_of_Ireland
3466,Republic_of_Macedonia
3467,Republic_of_the_Congo
3468,Restoration_comedy
3469,Restoration_literature
3470,Retina
3471,Retinol
3472,Retreat_of_glaciers_since_1850
3473,Revised_Standard_Version
3474,Revolution
3475,Reza_Shah
3476,Rhenium
3477,Rhine
3478,Rhode_Island
3479,Rhodium
3480,Rhodium%28III%29_chloride
3481,Rhubarb
3482,Rhythm_and_blues
3483,Rice
3484,Richard_Feynman
3485,Richard_Francis_Burton
3486,Richard_III_%28play%29
3487,Richard_III_of_England
3488,Richard_II_of_England
3489,Richard_I_of_England
3490,Richard_Nixon
3491,Richard_O%27Connor
3492,Richard_Stallman
3493,Richard_Wagner
3494,Richmond%2C_Virginia
3495,Riesling
3496,Right_whale
3497,Ringed_Plover
3498,Rio_Tinto_Group
3499,Rio_de_Janeiro
3500,River
3501,River_Severn
3502,River_Thames
3503,Riyadh
3504,Roald_Amundsen
3505,Roan_Antelope
3506,Robert_Baden-Powell%2C_1st_Baron_Baden-Powell
3507,Robert_Boyle
3508,Robert_Gascoyne-Cecil%2C_3rd_Marquess_of_Salisbury
3509,Robert_Oppenheimer
3510,Robert_Owen
3511,Robert_Peel
3512,Robert_Schumann
3513,Robert_Stephenson
3514,Robinson_Crusoe
3515,Roche_limit
3516,Rock_Bunting
3517,Rock_Pigeon
3518,Rock_of_Gibraltar
3519,Rockall
3520,Rocky_Mountains
3521,Rococo
3522,Roentgenium
3523,Roman_Britain
3524,Roman_Catholic_Church
3525,Roman_Empire
3526,Roman_Greece
3527,Roman_Vishniac
3528,Roman_law
3529,Roman_mythology
3530,Roman_road
3531,Roman_villa
3532,Romania
3533,Romanticism
3534,Rome
3535,Romeo_and_Juliet
3536,Romulus_Augustus
3537,Ronald_Reagan
3538,Rondane_National_Park
3539,Rook_%28bird%29
3540,Rosa_Parks
3541,Rose-ringed_Parakeet
3542,Rosemary
3543,Rosetta_Stone
3544,Rotterdam
3545,Rowan_Williams
3546,Royal_Air_Force
3547,Royal_Dutch_Shell
3548,Royal_Geographical_Society
3549,Royal_Grammar_School_Worcester
3550,Royal_Marines
3551,Royal_National_Theatre
3552,Royal_Navy
3553,Royal_Parks_of_London
3554,Rubidium
3555,Rubik%27s_Cube
3556,Rudolf_Vrba
3557,Rudyard_Kipling
3558,Rugby_World_Cup
3559,Rugby_football
3560,Rule_of_St_Benedict
3561,Rupee
3562,Russia
3563,Russian_Revolution_of_1917
3564,Russian_constitutional_crisis_of_1993
3565,Russian_language
3566,Ruthenium
3567,Rutherford_B._Hayes
3568,Rutherfordium
3569,Rwanda
3570,Rwandan_Genocide
3571,S%C3%A3o_Paulo
3572,S%C3%A3o_Tom%C3%A9
3573,S%C3%A3o_Tom%C3%A9_and_Pr%C3%ADncipe
3574,S%C3%B8ren_Kierkegaard
3575,S-mine
3576,S._A._Andr%C3%A9e%27s_Arctic_balloon_expedition_of_1897
3577,SD26
3578,SR-71_Blackbird
3579,Safflower
3580,Saffron
3581,Sahara
3582,Saint-Pierre_and_Miquelon
3583,Saint_Helena
3584,Saint_Joan_%28play%29
3585,Saint_Kitts_and_Nevis
3586,Saint_Lawrence_Seaway
3587,Saint_Lucia
3588,Saint_Petersburg
3589,Saint_Vincent_and_the_Grenadines
3590,Sakurajima
3591,Saladin
3592,Salford
3593,Salsa_music
3594,Salt
3595,Salt_Lake_City%2C_Utah
3596,Saltasaurus
3597,Salvador_Dal%C3%AD
3598,Samantha_Smith
3599,Samarium
3600,Samoa
3601,Samuel_Beckett
3602,Samuel_Taylor_Coleridge
3603,San_Diegan
3604,San_Diego_Electric_Railway
3605,San_Diego_and_Arizona_Railway
3606,San_Francisco%2C_California
3607,San_Francisco_garter_snake
3608,San_Jose%2C_California
3609,San_Marino
3610,Sand
3611,Sand_art_and_play
3612,Sand_shark
3613,Sandringham_House
3614,Sandur
3615,Sandy_Koufax
3616,Sanskrit
3617,Sanssouci
3618,Santa_Claus
3619,Santamar%C3%ADa_%28volcano%29
3620,Santiago%2C_Chile
3621,Santorini
3622,Sarajevo
3623,Sardar_Vallabhbhai_Patel
3624,Sasha_%28DJ%29
3625,Sassanid_Empire
3626,Saturn
3627,Saturn_V
3628,Saudi_Arabia
3629,Saurischia
3630,Sauropodomorpha
3631,Sauroposeidon
3632,Sauropsid
3633,Saxicola
3634,Saxophone
3635,Scandium
3636,Scanian_%28linguistics%29
3637,Scattered_disc
3638,Scelidosaurus
3639,Scent_of_a_Woman
3640,Scheme_programming_language
3641,Schizophrenia
3642,Schr%C3%B6dinger_equation
3643,Schuttern_Gospels
3644,Science
3645,Scientific_classification
3646,Scooby-Doo
3647,Scotch_College%2C_Perth
3648,Scotland
3649,Scotland_in_the_High_Middle_Ages
3650,Scots_language
3651,Scott_Special
3652,Scottish_Episcopal_Church
3653,Scottish_Gaelic_language
3654,Scottish_Highlands
3655,Scottish_mythology
3656,Scouting
3657,Scramble_for_Africa
3658,Screw
3659,Scrooge_McDuck
3660,Sculpture
3661,Scurvy
3662,Sea
3663,Sea_level_rise
3664,Sea_of_Galilee
3665,Seaborgium
3666,Sean_Connery
3667,Sears_Catalog_Home
3668,Season
3669,Seattle%2C_Washington
3670,Seawater
3671,Second_Boer_War
3672,Second_Congo_War
3673,Second_Crusade
3674,Seed
3675,Seinfeld
3676,Selena
3677,Selenium
3678,Semiconductor
3679,Semiconductor_device
3680,Senate_of_Canada
3681,Senegal
3682,Senufo_languages
3683,Seoul
3684,Separation_of_powers_under_the_United_States_Constitution
3685,September_11%2C_2001_attacks
3686,Sequence_alignment
3687,Sequoia
3688,Serbia
3689,Serbia_and_Montenegro
3690,Serenity_%28film%29
3691,Sermon_on_the_Mount
3692,Sesame
3693,Sesame_Street
3694,Set
3695,Severn_crossing
3696,Seychelles
3697,Sgt._Pepper%27s_Lonely_Hearts_Club_Band
3698,Shabo_language
3699,Shackleton_%28crater%29
3700,Shaka
3701,Shanghai
3702,Shark
3703,Sharon_Tate
3704,Sheffield
3705,Sheikh_Mujibur_Rahman
3706,Shelduck
3707,Shenzhou_6
3708,Shenzhou_spacecraft
3709,Shetland
3710,Shielded_metal_arc_welding
3711,Shigin
3712,Shining_Path
3713,Shinto
3714,Ship
3715,Shoe_polish
3716,Short-beaked_Echidna
3717,Shoshone_National_Forest
3718,Shrimp_farm
3719,Shrine_of_Remembrance
3720,Shroud_of_Turin
3721,Sichuan_Pepper
3722,Sicilian_Baroque
3723,Sickle-cell_disease
3724,Siege
3725,Siege_of_Antioch
3726,Sierra_Leone
3727,Sigmund_Freud
3728,Sikhism
3729,Sikkim
3730,Silent_film
3731,Silicon
3732,Silurian
3733,Silver
3734,Sim%C3%B3n_Bol%C3%ADvar
3735,SimCity
3736,Simca_Vedette
3737,Sinclair_Research_Ltd
3738,Singapore
3739,Sino-German_cooperation_%281911-1941%29
3740,Sino-Roman_relations
3741,Sirius
3742,Sistine_Chapel_ceiling
3743,Sitting_Bull
3744,Six-party_talks_concerning_North_Korea%27s_nuclear_program
3745,Sk%C3%A5neland
3746,Ska
3747,Skiing
3748,Skylark
3749,Slavery
3750,Slavic_mythology
3751,Sleep
3752,Slovakia
3753,Slovenia
3754,Smallpox
3755,Smog
3756,Snaefell_Mountain_Railway
3757,Snake_charming
3758,Snow
3759,Snow_Goose
3760,Snowball_Earth
3761,Snowdonia
3762,Snowdonia_National_Park
3763,Snowy_Owl
3764,Social_anxiety
3765,Social_capital
3766,Social_contract_%28Malaysia%29
3767,Socialism
3768,Society
3769,Society_of_Merchant_Venturers
3770,Sociocultural_evolution
3771,Sociology
3772,Socrates
3773,Soddo_language
3774,Sodium
3775,Sodium_hydroxide
3776,Sodium_sulfate
3777,Soil
3778,Soil_moisture
3779,Soil_pH
3780,Soil_profile
3781,Soil_salination
3782,Soil_science
3783,Soil_structure
3784,Soils_retrogression_and_degradation
3785,Solar_System
3786,Solar_eclipse
3787,Solomon_Islands
3788,Somalia
3789,Song_Thrush
3790,Sonic_the_Hedgehog_%28character%29
3791,Sony
3792,Sorghum
3793,Sorrel
3794,Soukous
3795,Sound
3796,Soup
3797,South_Africa
3798,South_America
3799,South_China_Sea
3800,South_Georgia_and_the_South_Sandwich_Islands
3801,South_Korea
3802,South_Ossetia
3803,Southampton
3804,Southern_Africa
3805,Southern_Ocean
3806,Southern_Pacific_4449
3807,Southern_Rockhopper_Penguin
3808,Southern_United_States
3809,Soviet_Union
3810,Soybean
3811,Space_Invaders
3812,Space_Race
3813,Space_Shuttle_Challenger
3814,Space_Shuttle_Challenger_disaster
3815,Space_Shuttle_Columbia
3816,Space_Shuttle_Columbia_disaster
3817,Space_Shuttle_Endeavour
3818,Space_Shuttle_program
3819,Space_exploration
3820,Space_station
3821,Space_suit
3822,Spacecraft_propulsion
3823,Spain
3824,Spanish_Armada
3825,Spanish_Inquisition
3826,Spanish_conquest_of_the_Inca_Empire
3827,Spanish_language
3828,Sparrow
3829,Sparrowhawk
3830,Speaker_of_the_British_House_of_Commons
3831,Speaker_of_the_United_States_House_of_Representatives
3832,Special_relativity
3833,Speech_synthesis
3834,Speed_of_light
3835,Sperm_Whale
3836,Sphere
3837,Spherical_aberration
3838,Spider
3839,Spinosaurus
3840,Spirit_of_the_American_Doughboy
3841,Spix%27s_Macaw
3842,Split_infinitive
3843,Sponsorship_Directdebit
3844,Sport
3845,Spotted_Flycatcher
3846,Spring_%28season%29
3847,Spring_Heeled_Jack
3848,Sputnik_1
3849,Sputnik_2
3850,Sputnik_program
3851,Spyware
3852,Squash_%28sport%29
3853,Sri_Lanka
3854,Sri_Lankan_Civil_War
3855,St_Buryan
3856,St_Michael%27s_Mount
3857,St_Paul%27s_Cathedral
3858,Stag_beetle
3859,Stage_%28theatre%29
3860,Stained_glass
3861,Stanis%C5%82aw_Koniecpolski
3862,Stanis%C5%82aw_Lem
3863,Stanley%2C_Falkland_Islands
3864,Stanley_Baldwin
3865,Star
3866,StarCraft
3867,Star_Fox__Assault
3868,Star_Trek
3869,Star_Trek__Deep_Space_Nine
3870,Star_Trek__The_Original_Series
3871,Star_Wars
3872,Star_Wars_Episode_IV__A_New_Hope
3873,Star_anise
3874,Stargate_SG-1
3875,Starling
3876,Starship_Troopers
3877,Statistics
3878,Statue_of_Zeus_at_Olympia
3879,Steam_engine
3880,Steel
3881,Stefan_Edberg
3882,Stegosaurus
3883,Stem_cell
3884,Stephen_Harper
3885,Stephen_Hawking
3886,Stephen_Jay_Gould
3887,Stephen_Trigg
3888,Stephen_of_England
3889,Steve_Davis
3890,Stickleback
3891,Still_Game
3892,Stingray
3893,Stock
3894,Stock_car_%28rail%29
3895,Stockholm
3896,Stoicism
3897,Stone_Age
3898,Stonehenge
3899,Storm_of_October_1804
3900,Stornoway
3901,Stourbridge_Lion
3902,Strait_of_Malacca
3903,Stratford-upon-Avon
3904,String_theory
3905,Stroke
3906,Strontium
3907,Struthiomimus
3908,Stuttering
3909,Stuttgart
3910,Styracosaurus
3911,Sub-Saharan_Africa
3912,Suburbs_of_Johannesburg
3913,Sucre
3914,Sudan
3915,Sudanic_languages
3916,Sudoku
3917,Suez_Canal
3918,Suffrage
3919,Sugar
3920,Sugar_beet
3921,Sugarcane
3922,Suleiman_the_Magnificent
3923,Sulfur
3924,Sulfuric_acid
3925,Sultan
3926,Sumac
3927,Sumatra
3928,Sumer
3929,Summer
3930,Summer_Hill%2C_New_South_Wales
3931,Sumo
3932,Sun
3933,Sun_Tzu
3934,Sun_Yat-sen
3935,Sundew
3936,Sunflower
3937,Sunlight
3938,Sunol_Water_Temple
3939,Sunset_Boulevard_%281950_film%29
3940,Super_14
3941,Super_Bowl_XL
3942,Super_Chief
3943,Super_Mario_64
3944,Super_Mario_Bros.
3945,Superconductivity
3946,Superman
3947,Supermarine_Spitfire
3948,Supply_and_demand
3949,Supply_chain_management
3950,Supreme_Court_of_the_United_States
3951,Suriname
3952,Surtsey
3953,Sustainable_forestry
3954,Sutton_Hoo
3955,Svalbard
3956,Svart%C3%A1lfar
3957,Swallow
3958,Swan
3959,Swastika
3960,Swaziland
3961,Sweden
3962,Swedish_allotment_system
3963,Swift
3964,Swiss_Federal_Council
3965,Swissair_Flight_111
3966,Switzerland
3967,Sydney
3968,Sydney_Newman
3969,Sydney_Riot_of_1879
3970,Sylvanus_Morley
3971,Symmetry
3972,Synthesizer
3973,Syria
3974,T-34
3975,T._D._Judah
3976,T._S._Eliot
3977,TGV
3978,Tacitean_studies
3979,Tagoi_language
3980,Taipei
3981,Taiwan
3982,Taj_Mahal
3983,Tajikistan
3984,Talc
3985,Tamarind
3986,Tamil_language
3987,Tamil_people
3988,Tank
3989,Tansy
3990,Tantalum
3991,Tanzania
3992,Tao_Te_Ching
3993,Taoism
3994,Tarragon
3995,Tashkent
3996,Tasmanian_Devil
3997,Tawny_Owl
3998,Tay-Sachs_disease
3999,Tay_Rail_Bridge
4000,TeX
4001,Tea
4002,Technetium
4003,Technology
4004,Tehran
4005,Tel_Aviv
4006,Telecommunication
4007,Telephone
4008,Telephone_exchange
4009,Telescope
4010,Television
4011,Tellurium
4012,Temperate
4013,Temple_of_Artemis
4014,Templon
4015,Tennis
4016,Tennis_Masters_Cup
4017,Tenzin_Gyatso%2C_14th_Dalai_Lama
4018,Tenzing_Norgay
4019,Terbium
4020,Terik
4021,Tern
4022,Terrorism
4023,Textile
4024,Thailand
4025,Thalassemia
4026,Thallium
4027,The_Absent-Minded_Beggar
4028,The_Adventures_of_Tintin
4029,The_Anarchy
4030,The_Ashes
4031,The_Bahamas
4032,The_Beano
4033,The_Beatles
4034,The_Beatles_discography
4035,The_Blitz
4036,The_Broads
4037,The_Brothers_Karamazov
4038,The_Canadian
4039,The_Cantos
4040,The_Cat_in_the_Hat
4041,The_Catcher_in_the_Rye
4042,The_Catlins
4043,The_Championships%2C_Wimbledon
4044,The_Children%27s_Machine
4045,The_Count_of_Monte_Cristo
4046,The_Country_Wife
4047,The_Curious_Incident_of_the_Dog_in_the_Night-time
4048,The_Dandy
4049,The_Fairy-Queen
4050,The_Famous_Five_%28characters%29
4051,The_Fens
4052,The_Frogs
4053,The_Gambia
4054,The_Godfather
4055,The_Great_Exhibition
4056,The_Hague
4057,The_Hitchhiker%27s_Guide_to_the_Galaxy
4058,The_Hobbit
4059,The_Holocaust
4060,The_Illuminatus%21_Trilogy
4061,The_Importance_of_Being_Earnest
4062,The_Iron_Bridge
4063,The_King%27s_Regiment_%28Liverpool%29
4064,The_Last_Supper_%28Leonardo%29
4065,The_Legend_of_Zelda_series
4066,The_Lion%2C_the_Witch_and_the_Wardrobe
4067,The_Lion_King
4068,The_Lorax
4069,The_Lord_of_the_Rings
4070,The_Lord_of_the_Rings_film_trilogy
4071,The_Magic_Flute
4072,The_Marriage_of_Figaro
4073,The_Merchant_of_Venice
4074,The_Mismeasure_of_Man
4075,The_Old_Man_and_the_Sea
4076,The_Origin_of_Species
4077,The_Oz_books
4078,The_Picture_of_Dorian_Gray
4079,The_Pilgrim%27s_Progress
4080,The_Quatermass_Experiment
4081,The_Relapse
4082,The_Rime_of_the_Ancient_Mariner
4083,The_Rite_of_Spring
4084,The_Rolling_Stones
4085,The_Seagull
4086,The_Shawshank_Redemption
4087,The_Simpsons
4088,The_Smiths
4089,The_Supremes
4090,The_Temptations
4091,The_Wall_Street_Journal
4092,The_Waste_Land
4093,The_West_Wing_%28TV_series%29
4094,The_X-Files
4095,Theatre
4096,Theatre_Royal%2C_Drury_Lane
4097,Theatre_in_the_round
4098,Theodore_Roosevelt
4099,Therizinosaurus
4100,Thermodynamic_temperature
4101,Thermodynamics
4102,Theropoda
4103,Theta
4104,Thiamine
4105,Third_Servile_War
4106,Thomas_Aquinas
4107,Thomas_Becket
4108,Thomas_Cranmer
4109,Thomas_Edison
4110,Thomas_Gainsborough
4111,Thomas_Hobbes
4112,Thomas_Jefferson
4113,Thomas_Malthus
4114,Thomas_More
4115,Thomas_Pynchon
4116,Thomas_Samuel_Kuhn
4117,Thor
4118,Thorax
4119,Thorium
4120,Thrasybulus
4121,Three_Gorges_Dam
4122,Three_Laws_of_Robotics
4123,Three_Mile_Island_accident
4124,Thrush_%28bird%29
4125,Thucydides
4126,Thulium
4127,Thunderstorm
4128,Tiananmen_Square_protests_of_1989
4129,Tibet
4130,Tide
4131,Tiger
4132,Tiger_Woods
4133,Tiger_shark
4134,Tigris
4135,Tijuana
4136,Tiktaalik
4137,Tim_Berners-Lee
4138,Tim_Henman
4139,Timbuktu
4140,Time
4141,Time_zone
4142,Timeline_of_discovery_of_solar_system_planets_and_their_natural_satellites
4143,Timken_1111
4144,Timur
4145,Tin
4146,Tin%28II%29_chloride
4147,Tin_whistle
4148,Tiridates_I_of_Armenia
4149,Titanium
4150,Titanosauridae
4151,To_Kill_a_Mockingbird
4152,Tobacco
4153,Tobacco_smoking
4154,Tofu
4155,Togo
4156,Tokelau
4157,Tokyo
4158,Toluene
4159,Tom_and_Jerry_%28MGM%29
4160,Tone_cluster
4161,Tonga
4162,Tony_Blair
4163,Tooth_development
4164,Tooth_enamel
4165,Top_of_the_Pops
4166,Topology
4167,Toraja
4168,Tornado
4169,Toronto
4170,Tottenham_Hotspur_F.C.
4171,Tour_de_France
4172,Tourette_syndrome
4173,Tourism
4174,Tower_Bridge
4175,Tower_of_London
4176,Toy
4177,Toy_Story
4178,Trabancos_River
4179,Trade_and_usage_of_saffron
4180,Trade_union
4181,Trafalgar_Square
4182,Train
4183,Trans-Siberian_Railway
4184,Transit_of_Venus
4185,Transport
4186,Trapdoor_spider
4187,Treasure_Island
4188,Treaty_of_Devol
4189,Treaty_of_Versailles
4190,Tree
4191,Tree_Sparrow
4192,Tree_frog
4193,Treecreeper
4194,Trench_warfare
4195,Triassic
4196,Triathlon
4197,Tribe
4198,Triceratops
4199,Trichinosis
4200,Triggerplant
4201,Trigonometric_function
4202,Trigonometry
4203,Trimurti
4204,Trinidad_and_Tobago
4205,Trinity
4206,Trinity_College%2C_Cambridge
4207,Trinity_test
4208,Tripitaka
4209,Tripoli
4210,Triumph_of_the_Will
4211,Trobairitz
4212,Trojan_War
4213,Troodon
4214,Troop_sleeper
4215,Tropical_Storm_Allison
4216,Tropical_Storm_Ana_%282003%29
4217,Tropical_Storm_Bilis_%282006%29
4218,Tropical_Storm_Bonnie_%282004%29
4219,Tropical_Storm_Chris_%282006%29
4220,Tropical_Storm_Danielle_%281992%29
4221,Tropical_Storm_Delta_%282005%29
4222,Tropical_Storm_Franklin_%282005%29
4223,Tropical_Storm_Harvey_%282005%29
4224,Tropical_Storm_Henri_%282003%29
4225,Tropical_Storm_Isabel_%281985%29
4226,Tropical_Storm_Larry_%282003%29
4227,Tropical_Storm_Lee_%282005%29
4228,Tropical_Storm_Leslie_%282000%29
4229,Tropical_Storm_Matthew_%282004%29
4230,Tropical_Storm_Odette_%282003%29
4231,Tropical_Storm_Vamei
4232,Tropical_Storm_Zeta_%282005%29
4233,Tropical_cyclone
4234,Tropics
4235,Trout
4236,Trumpet
4237,Tsar_Bomba
4238,Tsunami
4239,Tuatara
4240,Tuberculosis
4241,Tufted_Duck
4242,Tuna
4243,Tungsten
4244,Tunis
4245,Tunisia
4246,Tupac_Shakur
4247,Turin
4248,Turkey
4249,Turkey_%28bird%29
4250,Turkish_Republic_of_Northern_Cyprus
4251,Turkish_literature
4252,Turkmenistan
4253,Turks_and_Caicos_Islands
4254,Turmeric
4255,Turner_syndrome
4256,Turquoise
4257,Turtle
4258,Tutsi
4259,Tuvalu
4260,Tycho_Brahe
4261,Typewriter
4262,Typhoon_Ewiniar_%282006%29
4263,Typhoon_Saomai_%282006%29
4264,Tyrannosaurus
4265,U.S._Navy_Marine_Mammal_Program
4266,U.S._Open_%28tennis%29
4267,U.S._Route_66
4268,U.S._state
4269,U2
4270,USS_Wisconsin_%28BB-64%29
4271,Ubuntu_%28Linux_distribution%29
4272,Uffington_White_Horse
4273,Uganda
4274,Ukraine
4275,Ukulele
4276,Ulawun
4277,Ultimatum_game
4278,Ultraviolet
4279,Uluru
4280,Ulysses_S._Grant
4281,Umbrella_Cockatoo
4282,Union_Flag
4283,Union_Station_%28San_Diego%29
4284,United_Arab_Emirates
4285,United_Kingdom
4286,United_Kingdom_national_football_team
4287,United_Malays_National_Organisation
4288,United_Nations
4289,United_States
4290,United_States_Bill_of_Rights
4291,United_States_Congress
4292,United_States_Constitution
4293,United_States_Declaration_of_Independence
4294,United_States_House_of_Representatives
4295,United_States_Numbered_Highways
4296,United_States_Senate
4297,United_States_Virgin_Islands
4298,United_States_dollar
4299,United_for_Peace_and_Justice
4300,Universe
4301,University
4302,University_of_Bristol
4303,University_of_Cambridge
4304,University_of_Chicago
4305,University_of_Texas_at_Austin
4306,Unix
4307,Ununbium
4308,Ununhexium
4309,Ununoctium
4310,Ununpentium
4311,Ununquadium
4312,Ununtrium
4313,Upsilon_Andromedae
4314,Upsilon_Andromedae_b
4315,Upsilon_Andromedae_c
4316,Upsilon_Andromedae_d
4317,Uranium
4318,Uranus
4319,Urial
4320,Ursuline_Convent_Riots
4321,Uruguay
4322,Utilitarianism
4323,Utrecht_%28city%29
4324,Uzbekistan
4325,Valpara%C3%ADso
4326,Vampire
4327,Vampire_bat
4328,Van_Halen
4329,Vanadium
4330,Vancouver
4331,Vanilla
4332,Vanuatu
4333,Varanasi
4334,Vasco_da_Gama
4335,Vatican_City
4336,Vegetable
4337,Vegetation
4338,Velociraptor
4339,Venezuela
4340,Venn_diagram
4341,Venus
4342,Venus_and_Adonis_%28opera%29
4343,Vernon_Kell
4344,Vertebrate
4345,Vestigial_structure
4346,Vicia_faba
4347,Victor_Hugo
4348,Victoria%2C_Seychelles
4349,Victoria_Cross
4350,Victoria_of_the_United_Kingdom
4351,Video
4352,Vienna
4353,Vietnam
4354,Vietnam_War
4355,Viking
4356,Vinaya
4357,Vincent_van_Gogh
4358,Virgil
4359,Virginian_Railway
4360,Virtuti_Militari
4361,Virus
4362,Visual_arts
4363,Vitamin
4364,Vitamin_C
4365,Vitamin_D
4366,Vitus_Bering
4367,Vivien_Leigh
4368,Vladimir_Lenin
4369,Vodafone
4370,Volcanic_pipe
4371,Volcano
4372,Vole
4373,Volga_River
4374,Volleyball
4375,Volt
4376,Voltaire
4377,Voting
4378,Vowel
4379,Voynich_manuscript
4380,Vulgar_Latin
4381,Vulture
4382,W._Mark_Felt
4383,WTA_Tour_Championships
4384,Wader
4385,Waheguru
4386,Wake_Island
4387,Wales
4388,Wall_Street
4389,Wallaby
4390,Wallis_and_Futuna
4391,Walrus
4392,Walt_Disney
4393,Walt_Whitman
4394,Walter_Raleigh
4395,Walter_Scott
4396,War
4397,War_and_Peace
4398,War_in_Somalia_%282006%E2%80%93present%29
4399,War_of_the_League_of_Cambrai
4400,War_of_the_Spanish_Succession
4401,Ward_Cunningham
4402,Warren_G._Harding
4403,Wars_of_Castro
4404,Wars_of_the_Roses
4405,Warsaw
4406,Warsaw_Uprising_%281794%29
4407,Wasabi
4408,Washington%2C_D.C.
4409,Washington_Metro
4410,Washington_streetcars
4411,Wasp
4412,Waste_management
4413,Watch
4414,Watchmen
4415,Water
4416,Water_Buffalo
4417,Water_polo
4418,Water_purification
4419,Water_resources
4420,Watercolor_painting
4421,Watling_Street
4422,Wave
4423,Wave%E2%80%93particle_duality
4424,Wayne_Rooney
4425,Weakest_Link
4426,Weapon
4427,Weasel
4428,Weather
4429,Weather_forecasting
4430,Weather_map
4431,Weed
4432,Weight_training
4433,Weimar_Republic
4434,Welding
4435,Wellington
4436,Welsh_law
4437,Wernher_von_Braun
4438,Wessex
4439,West_Bank
4440,West_Flemish
4441,West_Virginia
4442,Western_Front_%28World_War_I%29
4443,Western_Roman_Empire
4444,Western_Sahara
4445,Western_painting
4446,Westminster_Abbey
4447,Westminster_System
4448,Weston-super-Mare
4449,Westport_Country_Playhouse
4450,Weyauwega_derailment
4451,Weymouth
4452,Weyto_language
4453,Whale
4454,Whale_shark
4455,Whale_song
4456,Wheat
4457,Where_Did_Our_Love_Go
4458,Whipworm
4459,White%27s_Tree_Frog
4460,White-tailed_Eagle
4461,White_Mountain_art
4462,White_Wagtail
4463,White_cliffs_of_Dover
4464,Whitethroat
4465,Whitney_Joins_The_JAMs
4466,Whooping_Crane
4467,Wigeon
4468,Wikimedia_Foundation
4469,Wikinews
4470,Wikipedia
4471,Wikisource
4472,Wikispecies
4473,Wild_cat
4474,Wildebeest
4475,Willem_Barents
4476,William_Butler_Yeats
4477,William_Edington
4478,William_Ewart_Gladstone
4479,William_Gilbert
4480,William_Gladstone
4481,William_Harvey
4482,William_Henry_Harrison
4483,William_Hogarth
4484,William_Howard_Taft
4485,William_III_of_England
4486,William_II_of_England
4487,William_IV_of_the_United_Kingdom
4488,William_I_of_England
4489,William_Mahone
4490,William_McKinley
4491,William_N._Page
4492,William_Pitt_the_Younger
4493,William_Renshaw
4494,William_Shakespeare
4495,William_Tecumseh_Sherman
4496,William_Thomson%2C_1st_Baron_Kelvin
4497,William_Wilberforce
4498,William_and_Mary
4499,William_the_Silent
4500,Wind
4501,Windows_2000
4502,Windows_Vista
4503,Windows_XP
4504,Windsor_Castle
4505,Wine
4506,Winfield_Scott_%28ship%29
4507,Winfield_Scott_Hancock
4508,Winston_Churchill
4509,Winston_Tunnel
4510,Winter
4511,Witold_Pilecki
4512,Wolf_Brother
4513,Wolfgang_Amadeus_Mozart
4514,Wolverine
4515,Wombat
4516,Women%27s_rights
4517,Wood
4518,Wood_Pigeon
4519,Wood_fuel
4520,Woodpecker
4521,Woodrow_Wilson
4522,Woodruff
4523,Woodworking
4524,WorkChoices
4525,Work_%28thermodynamics%29
4526,Working_poor
4527,World_Bank_Group
4528,World_Health_Organization
4529,World_Heritage_Site
4530,World_Trade_Organization
4531,World_War_I
4532,World_War_II
4533,World_Wide_Web
4534,Worm
4535,Wren
4536,Wrench
4537,Wrestling
4538,Wright_brothers
4539,Writing
4540,Wyndham_Robertson
4541,X-Men__The_Last_Stand
4542,X_Window_System
4543,X_Window_System_protocols_and_architecture
4544,X_Window_core_protocol
4545,Xanadu_House
4546,Xenon
4547,Yagan
4548,Yak
4549,Yamoussoukro
4550,Yangtze_River
4551,Yarralumla%2C_Australian_Capital_Territory
4552,Yeast
4553,Yellow_River
4554,Yellow_fever
4555,Yellowhammer
4556,Yellowstone_National_Park
4557,Yemen
4558,Yenisei_River
4559,Yes_Minister
4560,Yeti
4561,Yom_Kippur_War
4562,York
4563,Yorkshire_Dales
4564,Yotsuya_Kaidan
4565,You%27re_Still_the_One
4566,Ytterbium
4567,Yttrium
4568,Yugoslavia
4569,Yungay%2C_Peru
4570,Yuri_Gagarin
4571,Yuri_Knorosov
4572,Z%C3%BCrich
4573,ZX_Spectrum
4574,Zachary_Taylor
4575,Zambezi
4576,Zambia
4577,Zara_Yaqob
4578,Zebra
4579,Zebra_shark
4580,Zeus
4581,Zhang_Qian
4582,Zheng_He
4583,Ziad_Jarrah
4584,Zimbabwe
4585,Zinc
4586,Zinc_chloride
4587,Zion_National_Park
4588,Zionism
4589,Zirconium
4590,Zoroaster
4591,Zuid-Gelders
4592,Zulu
